row,Assembly,Length
1,HiFiASM,25821138
2,HiFiASM,24627096
3,HiFiASM,23014838
4,HiFiASM,21715751
5,HiFiASM,18349355
6,HiFiASM,7593870
7,HiFiASM,2420129
8,HiFiASM,2179152
9,HiFiASM,2142100
10,HiFiASM,2017275
11,HiFiASM,1911336
12,HiFiASM,1812074
13,HiFiASM,1357808
14,HiFiASM,1297818
15,HiFiASM,1204153
16,HiFiASM,1192196
17,HiFiASM,1028380
18,HiFiASM,886052
19,HiFiASM,816551
20,HiFiASM,799643
21,HiFiASM,793974
22,HiFiASM,749300
23,HiFiASM,748487
24,HiFiASM,658670
25,HiFiASM,597064
26,HiFiASM,541660
27,HiFiASM,522054
28,HiFiASM,518745
29,HiFiASM,508692
30,HiFiASM,505115
31,HiFiASM,441753
32,HiFiASM,385577
33,HiFiASM,356006
34,HiFiASM,347906
35,HiFiASM,334027
36,HiFiASM,291050
37,HiFiASM,259429
38,HiFiASM,252970
39,HiFiASM,251516
40,HiFiASM,242986
41,HiFiASM,205730
42,HiFiASM,192582
43,HiFiASM,188261
44,HiFiASM,174237
45,HiFiASM,173535
46,HiFiASM,166948
47,HiFiASM,166598
48,HiFiASM,164293
49,HiFiASM,159250
50,HiFiASM,152688
51,HiFiASM,149226
52,HiFiASM,148839
53,HiFiASM,148324
54,HiFiASM,140664
55,HiFiASM,140386
56,HiFiASM,130705
57,HiFiASM,119807
58,HiFiASM,118897
59,HiFiASM,116942
60,HiFiASM,114051
61,HiFiASM,108408
62,HiFiASM,101449
63,HiFiASM,95926
64,HiFiASM,92253
65,HiFiASM,89278
66,HiFiASM,89204
67,HiFiASM,86734
68,HiFiASM,85545
69,HiFiASM,85004
70,HiFiASM,84209
71,HiFiASM,82718
72,HiFiASM,81496
73,HiFiASM,80748
74,HiFiASM,78557
75,HiFiASM,73339
76,HiFiASM,73199
77,HiFiASM,72549
78,HiFiASM,72240
79,HiFiASM,70963
80,HiFiASM,69837
81,HiFiASM,68868
82,HiFiASM,67858
83,HiFiASM,66145
84,HiFiASM,65797
85,HiFiASM,64658
86,HiFiASM,63981
87,HiFiASM,62085
88,HiFiASM,60482
89,HiFiASM,59759
90,HiFiASM,59545
91,HiFiASM,58474
92,HiFiASM,56770
93,HiFiASM,56599
94,HiFiASM,55486
95,HiFiASM,55011
96,HiFiASM,54604
97,HiFiASM,54355
98,HiFiASM,54273
99,HiFiASM,53152
100,HiFiASM,51298
101,HiFiASM,50233
102,HiFiASM,47527
103,HiFiASM,47358
104,HiFiASM,46559
105,HiFiASM,46516
106,HiFiASM,46370
107,HiFiASM,45899
108,HiFiASM,45072
109,HiFiASM,44964
110,HiFiASM,41089
111,HiFiASM,39082
112,HiFiASM,38931
113,HiFiASM,38777
114,HiFiASM,38477
115,HiFiASM,38403
116,HiFiASM,37441
117,HiFiASM,37357
118,HiFiASM,37335
119,HiFiASM,37106
120,HiFiASM,36957
121,HiFiASM,36757
122,HiFiASM,36719
123,HiFiASM,36705
124,HiFiASM,36137
125,HiFiASM,36095
126,HiFiASM,35782
127,HiFiASM,34463
128,HiFiASM,34190
129,HiFiASM,34055
130,HiFiASM,33344
131,HiFiASM,32962
132,HiFiASM,32659
133,HiFiASM,31794
134,HiFiASM,31399
135,HiFiASM,31258
136,HiFiASM,30485
137,HiFiASM,29401
138,HiFiASM,29256
139,HiFiASM,28878
140,HiFiASM,28664
141,HiFiASM,26733
142,HiFiASM,25676
143,HiFiASM,25628
144,HiFiASM,25496
145,HiFiASM,24909
146,HiFiASM,23340
147,HiFiASM,23334
148,HiFiASM,21701
149,Ref_Scaff,32079331
150,Ref_Scaff,28110227
151,Ref_Scaff,25286936
152,Ref_Scaff,23542271
153,Ref_Scaff,23513712
154,Ref_Scaff,3667352
155,Ref_Scaff,1348131
156,Ref_Scaff,88768
157,Ref_Scaff,87365
158,Ref_Scaff,86267
159,Ref_Scaff,76973
160,Ref_Scaff,76224
161,Ref_Scaff,73091
162,Ref_Scaff,66731
163,Ref_Scaff,66439
164,Ref_Scaff,62570
165,Ref_Scaff,57785
166,Ref_Scaff,50625
167,Ref_Scaff,47411
168,Ref_Scaff,46986
169,Ref_Scaff,45120
170,Ref_Scaff,44411
171,Ref_Scaff,44104
172,Ref_Scaff,43383
173,Ref_Scaff,39041
174,Ref_Scaff,37106
175,Ref_Scaff,36913
176,Ref_Scaff,36482
177,Ref_Scaff,34521
178,Ref_Scaff,34359
179,Ref_Scaff,33320
180,Ref_Scaff,33316
181,Ref_Scaff,31460
182,Ref_Scaff,29583
183,Ref_Scaff,28305
184,Ref_Scaff,27456
185,Ref_Scaff,27447
186,Ref_Scaff,26115
187,Ref_Scaff,25840
188,Ref_Scaff,25805
189,Ref_Scaff,25698
190,Ref_Scaff,25560
191,Ref_Scaff,25537
192,Ref_Scaff,24503
193,Ref_Scaff,24380
194,Ref_Scaff,23238
195,Ref_Scaff,22882
196,Ref_Scaff,22604
197,Ref_Scaff,21921
198,Ref_Scaff,21074
199,Ref_Scaff,20763
200,Ref_Scaff,19956
201,Ref_Scaff,19524
202,Ref_Scaff,18299
203,Ref_Scaff,16157
204,Ref_Scaff,15522
205,Ref_Scaff,15417
206,Ref_Scaff,15068
207,Ref_Scaff,14983
208,Ref_Scaff,14687
209,Ref_Scaff,14503
210,Ref_Scaff,14199
211,Ref_Scaff,14098
212,Ref_Scaff,14028
213,Ref_Scaff,14006
214,Ref_Scaff,13940
215,Ref_Scaff,13935
216,Ref_Scaff,13906
217,Ref_Scaff,13553
218,Ref_Scaff,13549
219,Ref_Scaff,13501
220,Ref_Scaff,13455
221,Ref_Scaff,13455
222,Ref_Scaff,13416
223,Ref_Scaff,13394
224,Ref_Scaff,13317
225,Ref_Scaff,13256
226,Ref_Scaff,13234
227,Ref_Scaff,13157
228,Ref_Scaff,13108
229,Ref_Scaff,13079
230,Ref_Scaff,12856
231,Ref_Scaff,12848
232,Ref_Scaff,12827
233,Ref_Scaff,12714
234,Ref_Scaff,12681
235,Ref_Scaff,12654
236,Ref_Scaff,12632
237,Ref_Scaff,12632
238,Ref_Scaff,12536
239,Ref_Scaff,12513
240,Ref_Scaff,12459
241,Ref_Scaff,12424
242,Ref_Scaff,12424
243,Ref_Scaff,12399
244,Ref_Scaff,12368
245,Ref_Scaff,12354
246,Ref_Scaff,12187
247,Ref_Scaff,12148
248,Ref_Scaff,12142
249,Ref_Scaff,12095
250,Ref_Scaff,12034
251,Ref_Scaff,12027
252,Ref_Scaff,12002
253,Ref_Scaff,12001
254,Ref_Scaff,11985
255,Ref_Scaff,11983
256,Ref_Scaff,11958
257,Ref_Scaff,11951
258,Ref_Scaff,11807
259,Ref_Scaff,11763
260,Ref_Scaff,11743
261,Ref_Scaff,11569
262,Ref_Scaff,11522
263,Ref_Scaff,11498
264,Ref_Scaff,11430
265,Ref_Scaff,11220
266,Ref_Scaff,11148
267,Ref_Scaff,11126
268,Ref_Scaff,10091
269,Ref_Scaff,9865
270,Ref_Scaff,9368
271,Ref_Scaff,9341
272,Ref_Scaff,8346
273,Ref_Scaff,8007
274,Ref_Scaff,7722
275,Ref_Scaff,7314
276,Ref_Scaff,7123
277,Ref_Scaff,7003
278,Ref_Scaff,6936
279,Ref_Scaff,6900
280,Ref_Scaff,6860
281,Ref_Scaff,6860
282,Ref_Scaff,6825
283,Ref_Scaff,6698
284,Ref_Scaff,6546
285,Ref_Scaff,6396
286,Ref_Scaff,6294
287,Ref_Scaff,6237
288,Ref_Scaff,6193
289,Ref_Scaff,6076
290,Ref_Scaff,6062
291,Ref_Scaff,6041
292,Ref_Scaff,6000
293,Ref_Scaff,5984
294,Ref_Scaff,5968
295,Ref_Scaff,5952
296,Ref_Scaff,5915
297,Ref_Scaff,5891
298,Ref_Scaff,5832
299,Ref_Scaff,5772
300,Ref_Scaff,5698
301,Ref_Scaff,5564
302,Ref_Scaff,5555
303,Ref_Scaff,5520
304,Ref_Scaff,5465
305,Ref_Scaff,5463
306,Ref_Scaff,5387
307,Ref_Scaff,5383
308,Ref_Scaff,5360
309,Ref_Scaff,5324
310,Ref_Scaff,5323
311,Ref_Scaff,5316
312,Ref_Scaff,5281
313,Ref_Scaff,5232
314,Ref_Scaff,5189
315,Ref_Scaff,5182
316,Ref_Scaff,5098
317,Ref_Scaff,5061
318,Ref_Scaff,5060
319,Ref_Scaff,5057
320,Ref_Scaff,5026
321,Ref_Scaff,5000
322,Ref_Scaff,4996
323,Ref_Scaff,4994
324,Ref_Scaff,4986
325,Ref_Scaff,4967
326,Ref_Scaff,4939
327,Ref_Scaff,4933
328,Ref_Scaff,4917
329,Ref_Scaff,4903
330,Ref_Scaff,4888
331,Ref_Scaff,4879
332,Ref_Scaff,4865
333,Ref_Scaff,4820
334,Ref_Scaff,4815
335,Ref_Scaff,4785
336,Ref_Scaff,4705
337,Ref_Scaff,4701
338,Ref_Scaff,4608
339,Ref_Scaff,4581
340,Ref_Scaff,4573
341,Ref_Scaff,4553
342,Ref_Scaff,4515
343,Ref_Scaff,4471
344,Ref_Scaff,4465
345,Ref_Scaff,4452
346,Ref_Scaff,4436
347,Ref_Scaff,4400
348,Ref_Scaff,4395
349,Ref_Scaff,4381
350,Ref_Scaff,4378
351,Ref_Scaff,4377
352,Ref_Scaff,4370
353,Ref_Scaff,4361
354,Ref_Scaff,4336
355,Ref_Scaff,4310
356,Ref_Scaff,4310
357,Ref_Scaff,4305
358,Ref_Scaff,4295
359,Ref_Scaff,4289
360,Ref_Scaff,4273
361,Ref_Scaff,4272
362,Ref_Scaff,4256
363,Ref_Scaff,4231
364,Ref_Scaff,4225
365,Ref_Scaff,4222
366,Ref_Scaff,4222
367,Ref_Scaff,4202
368,Ref_Scaff,4197
369,Ref_Scaff,4188
370,Ref_Scaff,4183
371,Ref_Scaff,4182
372,Ref_Scaff,4163
373,Ref_Scaff,4150
374,Ref_Scaff,4135
375,Ref_Scaff,4085
376,Ref_Scaff,4081
377,Ref_Scaff,4072
378,Ref_Scaff,4059
379,Ref_Scaff,4030
380,Ref_Scaff,4013
381,Ref_Scaff,4012
382,Ref_Scaff,4006
383,Ref_Scaff,3991
384,Ref_Scaff,3984
385,Ref_Scaff,3970
386,Ref_Scaff,3964
387,Ref_Scaff,3960
388,Ref_Scaff,3950
389,Ref_Scaff,3941
390,Ref_Scaff,3932
391,Ref_Scaff,3926
392,Ref_Scaff,3924
393,Ref_Scaff,3921
394,Ref_Scaff,3913
395,Ref_Scaff,3913
396,Ref_Scaff,3906
397,Ref_Scaff,3871
398,Ref_Scaff,3864
399,Ref_Scaff,3858
400,Ref_Scaff,3818
401,Ref_Scaff,3807
402,Ref_Scaff,3806
403,Ref_Scaff,3806
404,Ref_Scaff,3775
405,Ref_Scaff,3755
406,Ref_Scaff,3745
407,Ref_Scaff,3737
408,Ref_Scaff,3730
409,Ref_Scaff,3717
410,Ref_Scaff,3716
411,Ref_Scaff,3713
412,Ref_Scaff,3708
413,Ref_Scaff,3681
414,Ref_Scaff,3660
415,Ref_Scaff,3650
416,Ref_Scaff,3649
417,Ref_Scaff,3648
418,Ref_Scaff,3646
419,Ref_Scaff,3638
420,Ref_Scaff,3622
421,Ref_Scaff,3622
422,Ref_Scaff,3603
423,Ref_Scaff,3603
424,Ref_Scaff,3602
425,Ref_Scaff,3593
426,Ref_Scaff,3582
427,Ref_Scaff,3574
428,Ref_Scaff,3557
429,Ref_Scaff,3554
430,Ref_Scaff,3553
431,Ref_Scaff,3553
432,Ref_Scaff,3553
433,Ref_Scaff,3537
434,Ref_Scaff,3527
435,Ref_Scaff,3527
436,Ref_Scaff,3523
437,Ref_Scaff,3519
438,Ref_Scaff,3503
439,Ref_Scaff,3502
440,Ref_Scaff,3499
441,Ref_Scaff,3498
442,Ref_Scaff,3490
443,Ref_Scaff,3478
444,Ref_Scaff,3477
445,Ref_Scaff,3473
446,Ref_Scaff,3466
447,Ref_Scaff,3463
448,Ref_Scaff,3458
449,Ref_Scaff,3434
450,Ref_Scaff,3402
451,Ref_Scaff,3396
452,Ref_Scaff,3389
453,Ref_Scaff,3386
454,Ref_Scaff,3375
455,Ref_Scaff,3374
456,Ref_Scaff,3373
457,Ref_Scaff,3365
458,Ref_Scaff,3348
459,Ref_Scaff,3347
460,Ref_Scaff,3341
461,Ref_Scaff,3313
462,Ref_Scaff,3308
463,Ref_Scaff,3302
464,Ref_Scaff,3299
465,Ref_Scaff,3290
466,Ref_Scaff,3284
467,Ref_Scaff,3277
468,Ref_Scaff,3275
469,Ref_Scaff,3268
470,Ref_Scaff,3262
471,Ref_Scaff,3259
472,Ref_Scaff,3259
473,Ref_Scaff,3254
474,Ref_Scaff,3252
475,Ref_Scaff,3234
476,Ref_Scaff,3227
477,Ref_Scaff,3223
478,Ref_Scaff,3218
479,Ref_Scaff,3213
480,Ref_Scaff,3209
481,Ref_Scaff,3206
482,Ref_Scaff,3201
483,Ref_Scaff,3201
484,Ref_Scaff,3197
485,Ref_Scaff,3196
486,Ref_Scaff,3195
487,Ref_Scaff,3190
488,Ref_Scaff,3174
489,Ref_Scaff,3173
490,Ref_Scaff,3171
491,Ref_Scaff,3162
492,Ref_Scaff,3159
493,Ref_Scaff,3157
494,Ref_Scaff,3156
495,Ref_Scaff,3154
496,Ref_Scaff,3144
497,Ref_Scaff,3129
498,Ref_Scaff,3123
499,Ref_Scaff,3123
500,Ref_Scaff,3120
501,Ref_Scaff,3102
502,Ref_Scaff,3100
503,Ref_Scaff,3100
504,Ref_Scaff,3089
505,Ref_Scaff,3085
506,Ref_Scaff,3080
507,Ref_Scaff,3080
508,Ref_Scaff,3077
509,Ref_Scaff,3076
510,Ref_Scaff,3073
511,Ref_Scaff,3073
512,Ref_Scaff,3065
513,Ref_Scaff,3059
514,Ref_Scaff,3058
515,Ref_Scaff,3046
516,Ref_Scaff,3044
517,Ref_Scaff,3043
518,Ref_Scaff,3025
519,Ref_Scaff,3024
520,Ref_Scaff,3013
521,Ref_Scaff,3010
522,Ref_Scaff,3009
523,Ref_Scaff,3002
524,Ref_Scaff,2999
525,Ref_Scaff,2999
526,Ref_Scaff,2996
527,Ref_Scaff,2991
528,Ref_Scaff,2984
529,Ref_Scaff,2982
530,Ref_Scaff,2982
531,Ref_Scaff,2971
532,Ref_Scaff,2964
533,Ref_Scaff,2957
534,Ref_Scaff,2956
535,Ref_Scaff,2945
536,Ref_Scaff,2943
537,Ref_Scaff,2937
538,Ref_Scaff,2937
539,Ref_Scaff,2928
540,Ref_Scaff,2927
541,Ref_Scaff,2926
542,Ref_Scaff,2924
543,Ref_Scaff,2922
544,Ref_Scaff,2922
545,Ref_Scaff,2919
546,Ref_Scaff,2916
547,Ref_Scaff,2914
548,Ref_Scaff,2911
549,Ref_Scaff,2910
550,Ref_Scaff,2905
551,Ref_Scaff,2904
552,Ref_Scaff,2903
553,Ref_Scaff,2899
554,Ref_Scaff,2893
555,Ref_Scaff,2889
556,Ref_Scaff,2884
557,Ref_Scaff,2882
558,Ref_Scaff,2882
559,Ref_Scaff,2882
560,Ref_Scaff,2881
561,Ref_Scaff,2877
562,Ref_Scaff,2876
563,Ref_Scaff,2871
564,Ref_Scaff,2860
565,Ref_Scaff,2860
566,Ref_Scaff,2858
567,Ref_Scaff,2855
568,Ref_Scaff,2849
569,Ref_Scaff,2848
570,Ref_Scaff,2846
571,Ref_Scaff,2844
572,Ref_Scaff,2841
573,Ref_Scaff,2836
574,Ref_Scaff,2834
575,Ref_Scaff,2833
576,Ref_Scaff,2830
577,Ref_Scaff,2829
578,Ref_Scaff,2828
579,Ref_Scaff,2825
580,Ref_Scaff,2823
581,Ref_Scaff,2822
582,Ref_Scaff,2822
583,Ref_Scaff,2820
584,Ref_Scaff,2819
585,Ref_Scaff,2815
586,Ref_Scaff,2814
587,Ref_Scaff,2811
588,Ref_Scaff,2804
589,Ref_Scaff,2799
590,Ref_Scaff,2796
591,Ref_Scaff,2795
592,Ref_Scaff,2795
593,Ref_Scaff,2794
594,Ref_Scaff,2793
595,Ref_Scaff,2793
596,Ref_Scaff,2791
597,Ref_Scaff,2790
598,Ref_Scaff,2788
599,Ref_Scaff,2787
600,Ref_Scaff,2784
601,Ref_Scaff,2783
602,Ref_Scaff,2781
603,Ref_Scaff,2765
604,Ref_Scaff,2762
605,Ref_Scaff,2751
606,Ref_Scaff,2750
607,Ref_Scaff,2745
608,Ref_Scaff,2744
609,Ref_Scaff,2736
610,Ref_Scaff,2733
611,Ref_Scaff,2728
612,Ref_Scaff,2709
613,Ref_Scaff,2708
614,Ref_Scaff,2703
615,Ref_Scaff,2698
616,Ref_Scaff,2697
617,Ref_Scaff,2694
618,Ref_Scaff,2689
619,Ref_Scaff,2688
620,Ref_Scaff,2688
621,Ref_Scaff,2686
622,Ref_Scaff,2671
623,Ref_Scaff,2670
624,Ref_Scaff,2669
625,Ref_Scaff,2668
626,Ref_Scaff,2665
627,Ref_Scaff,2664
628,Ref_Scaff,2647
629,Ref_Scaff,2644
630,Ref_Scaff,2642
631,Ref_Scaff,2641
632,Ref_Scaff,2639
633,Ref_Scaff,2637
634,Ref_Scaff,2636
635,Ref_Scaff,2635
636,Ref_Scaff,2629
637,Ref_Scaff,2628
638,Ref_Scaff,2626
639,Ref_Scaff,2618
640,Ref_Scaff,2617
641,Ref_Scaff,2612
642,Ref_Scaff,2611
643,Ref_Scaff,2605
644,Ref_Scaff,2603
645,Ref_Scaff,2603
646,Ref_Scaff,2591
647,Ref_Scaff,2588
648,Ref_Scaff,2584
649,Ref_Scaff,2583
650,Ref_Scaff,2577
651,Ref_Scaff,2577
652,Ref_Scaff,2576
653,Ref_Scaff,2575
654,Ref_Scaff,2575
655,Ref_Scaff,2575
656,Ref_Scaff,2574
657,Ref_Scaff,2570
658,Ref_Scaff,2565
659,Ref_Scaff,2561
660,Ref_Scaff,2557
661,Ref_Scaff,2556
662,Ref_Scaff,2555
663,Ref_Scaff,2549
664,Ref_Scaff,2547
665,Ref_Scaff,2541
666,Ref_Scaff,2541
667,Ref_Scaff,2536
668,Ref_Scaff,2529
669,Ref_Scaff,2529
670,Ref_Scaff,2522
671,Ref_Scaff,2521
672,Ref_Scaff,2521
673,Ref_Scaff,2520
674,Ref_Scaff,2520
675,Ref_Scaff,2517
676,Ref_Scaff,2516
677,Ref_Scaff,2511
678,Ref_Scaff,2511
679,Ref_Scaff,2510
680,Ref_Scaff,2508
681,Ref_Scaff,2505
682,Ref_Scaff,2500
683,Ref_Scaff,2491
684,Ref_Scaff,2487
685,Ref_Scaff,2479
686,Ref_Scaff,2477
687,Ref_Scaff,2476
688,Ref_Scaff,2475
689,Ref_Scaff,2473
690,Ref_Scaff,2470
691,Ref_Scaff,2464
692,Ref_Scaff,2463
693,Ref_Scaff,2462
694,Ref_Scaff,2451
695,Ref_Scaff,2447
696,Ref_Scaff,2442
697,Ref_Scaff,2439
698,Ref_Scaff,2438
699,Ref_Scaff,2438
700,Ref_Scaff,2438
701,Ref_Scaff,2435
702,Ref_Scaff,2434
703,Ref_Scaff,2432
704,Ref_Scaff,2431
705,Ref_Scaff,2429
706,Ref_Scaff,2428
707,Ref_Scaff,2425
708,Ref_Scaff,2425
709,Ref_Scaff,2421
710,Ref_Scaff,2421
711,Ref_Scaff,2420
712,Ref_Scaff,2419
713,Ref_Scaff,2417
714,Ref_Scaff,2413
715,Ref_Scaff,2412
716,Ref_Scaff,2400
717,Ref_Scaff,2394
718,Ref_Scaff,2390
719,Ref_Scaff,2390
720,Ref_Scaff,2389
721,Ref_Scaff,2385
722,Ref_Scaff,2385
723,Ref_Scaff,2385
724,Ref_Scaff,2384
725,Ref_Scaff,2383
726,Ref_Scaff,2383
727,Ref_Scaff,2382
728,Ref_Scaff,2381
729,Ref_Scaff,2381
730,Ref_Scaff,2379
731,Ref_Scaff,2379
732,Ref_Scaff,2378
733,Ref_Scaff,2375
734,Ref_Scaff,2372
735,Ref_Scaff,2369
736,Ref_Scaff,2368
737,Ref_Scaff,2366
738,Ref_Scaff,2363
739,Ref_Scaff,2357
740,Ref_Scaff,2355
741,Ref_Scaff,2354
742,Ref_Scaff,2353
743,Ref_Scaff,2352
744,Ref_Scaff,2344
745,Ref_Scaff,2342
746,Ref_Scaff,2342
747,Ref_Scaff,2335
748,Ref_Scaff,2330
749,Ref_Scaff,2328
750,Ref_Scaff,2328
751,Ref_Scaff,2326
752,Ref_Scaff,2325
753,Ref_Scaff,2322
754,Ref_Scaff,2318
755,Ref_Scaff,2317
756,Ref_Scaff,2308
757,Ref_Scaff,2307
758,Ref_Scaff,2304
759,Ref_Scaff,2303
760,Ref_Scaff,2295
761,Ref_Scaff,2293
762,Ref_Scaff,2291
763,Ref_Scaff,2289
764,Ref_Scaff,2287
765,Ref_Scaff,2286
766,Ref_Scaff,2284
767,Ref_Scaff,2283
768,Ref_Scaff,2282
769,Ref_Scaff,2273
770,Ref_Scaff,2270
771,Ref_Scaff,2269
772,Ref_Scaff,2266
773,Ref_Scaff,2259
774,Ref_Scaff,2259
775,Ref_Scaff,2253
776,Ref_Scaff,2248
777,Ref_Scaff,2247
778,Ref_Scaff,2237
779,Ref_Scaff,2234
780,Ref_Scaff,2232
781,Ref_Scaff,2232
782,Ref_Scaff,2228
783,Ref_Scaff,2227
784,Ref_Scaff,2223
785,Ref_Scaff,2221
786,Ref_Scaff,2220
787,Ref_Scaff,2217
788,Ref_Scaff,2216
789,Ref_Scaff,2210
790,Ref_Scaff,2209
791,Ref_Scaff,2207
792,Ref_Scaff,2206
793,Ref_Scaff,2205
794,Ref_Scaff,2201
795,Ref_Scaff,2200
796,Ref_Scaff,2198
797,Ref_Scaff,2198
798,Ref_Scaff,2196
799,Ref_Scaff,2192
800,Ref_Scaff,2190
801,Ref_Scaff,2189
802,Ref_Scaff,2189
803,Ref_Scaff,2187
804,Ref_Scaff,2185
805,Ref_Scaff,2177
806,Ref_Scaff,2176
807,Ref_Scaff,2173
808,Ref_Scaff,2166
809,Ref_Scaff,2161
810,Ref_Scaff,2161
811,Ref_Scaff,2157
812,Ref_Scaff,2147
813,Ref_Scaff,2139
814,Ref_Scaff,2132
815,Ref_Scaff,2129
816,Ref_Scaff,2126
817,Ref_Scaff,2124
818,Ref_Scaff,2124
819,Ref_Scaff,2119
820,Ref_Scaff,2117
821,Ref_Scaff,2114
822,Ref_Scaff,2113
823,Ref_Scaff,2113
824,Ref_Scaff,2113
825,Ref_Scaff,2112
826,Ref_Scaff,2109
827,Ref_Scaff,2108
828,Ref_Scaff,2105
829,Ref_Scaff,2105
830,Ref_Scaff,2103
831,Ref_Scaff,2102
832,Ref_Scaff,2096
833,Ref_Scaff,2096
834,Ref_Scaff,2094
835,Ref_Scaff,2094
836,Ref_Scaff,2092
837,Ref_Scaff,2090
838,Ref_Scaff,2089
839,Ref_Scaff,2088
840,Ref_Scaff,2087
841,Ref_Scaff,2087
842,Ref_Scaff,2086
843,Ref_Scaff,2084
844,Ref_Scaff,2081
845,Ref_Scaff,2079
846,Ref_Scaff,2079
847,Ref_Scaff,2078
848,Ref_Scaff,2076
849,Ref_Scaff,2068
850,Ref_Scaff,2064
851,Ref_Scaff,2063
852,Ref_Scaff,2063
853,Ref_Scaff,2062
854,Ref_Scaff,2060
855,Ref_Scaff,2060
856,Ref_Scaff,2060
857,Ref_Scaff,2059
858,Ref_Scaff,2050
859,Ref_Scaff,2046
860,Ref_Scaff,2044
861,Ref_Scaff,2043
862,Ref_Scaff,2035
863,Ref_Scaff,2033
864,Ref_Scaff,2033
865,Ref_Scaff,2030
866,Ref_Scaff,2027
867,Ref_Scaff,2021
868,Ref_Scaff,2020
869,Ref_Scaff,2017
870,Ref_Scaff,2014
871,Ref_Scaff,2010
872,Ref_Scaff,2009
873,Ref_Scaff,2008
874,Ref_Scaff,2006
875,Ref_Scaff,2006
876,Ref_Scaff,2005
877,Ref_Scaff,2005
878,Ref_Scaff,1998
879,Ref_Scaff,1998
880,Ref_Scaff,1998
881,Ref_Scaff,1995
882,Ref_Scaff,1993
883,Ref_Scaff,1990
884,Ref_Scaff,1990
885,Ref_Scaff,1988
886,Ref_Scaff,1986
887,Ref_Scaff,1986
888,Ref_Scaff,1980
889,Ref_Scaff,1978
890,Ref_Scaff,1976
891,Ref_Scaff,1976
892,Ref_Scaff,1975
893,Ref_Scaff,1974
894,Ref_Scaff,1970
895,Ref_Scaff,1966
896,Ref_Scaff,1966
897,Ref_Scaff,1966
898,Ref_Scaff,1964
899,Ref_Scaff,1963
900,Ref_Scaff,1962
901,Ref_Scaff,1962
902,Ref_Scaff,1962
903,Ref_Scaff,1961
904,Ref_Scaff,1961
905,Ref_Scaff,1961
906,Ref_Scaff,1956
907,Ref_Scaff,1956
908,Ref_Scaff,1947
909,Ref_Scaff,1947
910,Ref_Scaff,1947
911,Ref_Scaff,1946
912,Ref_Scaff,1945
913,Ref_Scaff,1944
914,Ref_Scaff,1943
915,Ref_Scaff,1939
916,Ref_Scaff,1936
917,Ref_Scaff,1936
918,Ref_Scaff,1935
919,Ref_Scaff,1933
920,Ref_Scaff,1933
921,Ref_Scaff,1931
922,Ref_Scaff,1929
923,Ref_Scaff,1928
924,Ref_Scaff,1928
925,Ref_Scaff,1927
926,Ref_Scaff,1926
927,Ref_Scaff,1926
928,Ref_Scaff,1924
929,Ref_Scaff,1920
930,Ref_Scaff,1917
931,Ref_Scaff,1916
932,Ref_Scaff,1916
933,Ref_Scaff,1907
934,Ref_Scaff,1906
935,Ref_Scaff,1905
936,Ref_Scaff,1904
937,Ref_Scaff,1903
938,Ref_Scaff,1903
939,Ref_Scaff,1903
940,Ref_Scaff,1902
941,Ref_Scaff,1901
942,Ref_Scaff,1900
943,Ref_Scaff,1900
944,Ref_Scaff,1899
945,Ref_Scaff,1895
946,Ref_Scaff,1895
947,Ref_Scaff,1893
948,Ref_Scaff,1891
949,Ref_Scaff,1890
950,Ref_Scaff,1890
951,Ref_Scaff,1888
952,Ref_Scaff,1882
953,Ref_Scaff,1872
954,Ref_Scaff,1872
955,Ref_Scaff,1871
956,Ref_Scaff,1870
957,Ref_Scaff,1870
958,Ref_Scaff,1869
959,Ref_Scaff,1869
960,Ref_Scaff,1869
961,Ref_Scaff,1868
962,Ref_Scaff,1865
963,Ref_Scaff,1863
964,Ref_Scaff,1863
965,Ref_Scaff,1856
966,Ref_Scaff,1854
967,Ref_Scaff,1851
968,Ref_Scaff,1849
969,Ref_Scaff,1843
970,Ref_Scaff,1843
971,Ref_Scaff,1843
972,Ref_Scaff,1843
973,Ref_Scaff,1842
974,Ref_Scaff,1841
975,Ref_Scaff,1841
976,Ref_Scaff,1832
977,Ref_Scaff,1832
978,Ref_Scaff,1830
979,Ref_Scaff,1829
980,Ref_Scaff,1829
981,Ref_Scaff,1826
982,Ref_Scaff,1819
983,Ref_Scaff,1818
984,Ref_Scaff,1818
985,Ref_Scaff,1813
986,Ref_Scaff,1813
987,Ref_Scaff,1806
988,Ref_Scaff,1803
989,Ref_Scaff,1802
990,Ref_Scaff,1801
991,Ref_Scaff,1800
992,Ref_Scaff,1800
993,Ref_Scaff,1798
994,Ref_Scaff,1797
995,Ref_Scaff,1793
996,Ref_Scaff,1792
997,Ref_Scaff,1787
998,Ref_Scaff,1786
999,Ref_Scaff,1785
1000,Ref_Scaff,1785
1001,Ref_Scaff,1776
1002,Ref_Scaff,1775
1003,Ref_Scaff,1775
1004,Ref_Scaff,1775
1005,Ref_Scaff,1770
1006,Ref_Scaff,1769
1007,Ref_Scaff,1766
1008,Ref_Scaff,1761
1009,Ref_Scaff,1756
1010,Ref_Scaff,1754
1011,Ref_Scaff,1751
1012,Ref_Scaff,1747
1013,Ref_Scaff,1747
1014,Ref_Scaff,1747
1015,Ref_Scaff,1743
1016,Ref_Scaff,1741
1017,Ref_Scaff,1738
1018,Ref_Scaff,1737
1019,Ref_Scaff,1734
1020,Ref_Scaff,1733
1021,Ref_Scaff,1732
1022,Ref_Scaff,1728
1023,Ref_Scaff,1724
1024,Ref_Scaff,1724
1025,Ref_Scaff,1719
1026,Ref_Scaff,1719
1027,Ref_Scaff,1716
1028,Ref_Scaff,1716
1029,Ref_Scaff,1715
1030,Ref_Scaff,1714
1031,Ref_Scaff,1713
1032,Ref_Scaff,1712
1033,Ref_Scaff,1710
1034,Ref_Scaff,1710
1035,Ref_Scaff,1709
1036,Ref_Scaff,1708
1037,Ref_Scaff,1704
1038,Ref_Scaff,1703
1039,Ref_Scaff,1703
1040,Ref_Scaff,1696
1041,Ref_Scaff,1690
1042,Ref_Scaff,1690
1043,Ref_Scaff,1687
1044,Ref_Scaff,1685
1045,Ref_Scaff,1683
1046,Ref_Scaff,1683
1047,Ref_Scaff,1683
1048,Ref_Scaff,1680
1049,Ref_Scaff,1679
1050,Ref_Scaff,1678
1051,Ref_Scaff,1675
1052,Ref_Scaff,1667
1053,Ref_Scaff,1657
1054,Ref_Scaff,1650
1055,Ref_Scaff,1645
1056,Ref_Scaff,1643
1057,Ref_Scaff,1643
1058,Ref_Scaff,1641
1059,Ref_Scaff,1637
1060,Ref_Scaff,1637
1061,Ref_Scaff,1637
1062,Ref_Scaff,1636
1063,Ref_Scaff,1630
1064,Ref_Scaff,1629
1065,Ref_Scaff,1625
1066,Ref_Scaff,1625
1067,Ref_Scaff,1623
1068,Ref_Scaff,1622
1069,Ref_Scaff,1619
1070,Ref_Scaff,1614
1071,Ref_Scaff,1611
1072,Ref_Scaff,1610
1073,Ref_Scaff,1610
1074,Ref_Scaff,1608
1075,Ref_Scaff,1597
1076,Ref_Scaff,1595
1077,Ref_Scaff,1594
1078,Ref_Scaff,1586
1079,Ref_Scaff,1586
1080,Ref_Scaff,1586
1081,Ref_Scaff,1581
1082,Ref_Scaff,1577
1083,Ref_Scaff,1577
1084,Ref_Scaff,1575
1085,Ref_Scaff,1573
1086,Ref_Scaff,1571
1087,Ref_Scaff,1567
1088,Ref_Scaff,1566
1089,Ref_Scaff,1560
1090,Ref_Scaff,1560
1091,Ref_Scaff,1558
1092,Ref_Scaff,1556
1093,Ref_Scaff,1556
1094,Ref_Scaff,1555
1095,Ref_Scaff,1553
1096,Ref_Scaff,1552
1097,Ref_Scaff,1550
1098,Ref_Scaff,1550
1099,Ref_Scaff,1549
1100,Ref_Scaff,1546
1101,Ref_Scaff,1544
1102,Ref_Scaff,1543
1103,Ref_Scaff,1541
1104,Ref_Scaff,1540
1105,Ref_Scaff,1538
1106,Ref_Scaff,1534
1107,Ref_Scaff,1533
1108,Ref_Scaff,1533
1109,Ref_Scaff,1532
1110,Ref_Scaff,1529
1111,Ref_Scaff,1527
1112,Ref_Scaff,1525
1113,Ref_Scaff,1525
1114,Ref_Scaff,1525
1115,Ref_Scaff,1521
1116,Ref_Scaff,1520
1117,Ref_Scaff,1519
1118,Ref_Scaff,1518
1119,Ref_Scaff,1516
1120,Ref_Scaff,1510
1121,Ref_Scaff,1509
1122,Ref_Scaff,1508
1123,Ref_Scaff,1504
1124,Ref_Scaff,1504
1125,Ref_Scaff,1502
1126,Ref_Scaff,1494
1127,Ref_Scaff,1492
1128,Ref_Scaff,1492
1129,Ref_Scaff,1490
1130,Ref_Scaff,1489
1131,Ref_Scaff,1488
1132,Ref_Scaff,1487
1133,Ref_Scaff,1487
1134,Ref_Scaff,1485
1135,Ref_Scaff,1484
1136,Ref_Scaff,1482
1137,Ref_Scaff,1478
1138,Ref_Scaff,1476
1139,Ref_Scaff,1475
1140,Ref_Scaff,1473
1141,Ref_Scaff,1471
1142,Ref_Scaff,1468
1143,Ref_Scaff,1467
1144,Ref_Scaff,1466
1145,Ref_Scaff,1464
1146,Ref_Scaff,1462
1147,Ref_Scaff,1461
1148,Ref_Scaff,1461
1149,Ref_Scaff,1459
1150,Ref_Scaff,1458
1151,Ref_Scaff,1456
1152,Ref_Scaff,1453
1153,Ref_Scaff,1452
1154,Ref_Scaff,1452
1155,Ref_Scaff,1451
1156,Ref_Scaff,1446
1157,Ref_Scaff,1446
1158,Ref_Scaff,1445
1159,Ref_Scaff,1443
1160,Ref_Scaff,1441
1161,Ref_Scaff,1440
1162,Ref_Scaff,1436
1163,Ref_Scaff,1432
1164,Ref_Scaff,1432
1165,Ref_Scaff,1432
1166,Ref_Scaff,1430
1167,Ref_Scaff,1429
1168,Ref_Scaff,1429
1169,Ref_Scaff,1425
1170,Ref_Scaff,1424
1171,Ref_Scaff,1424
1172,Ref_Scaff,1424
1173,Ref_Scaff,1423
1174,Ref_Scaff,1422
1175,Ref_Scaff,1421
1176,Ref_Scaff,1419
1177,Ref_Scaff,1416
1178,Ref_Scaff,1416
1179,Ref_Scaff,1416
1180,Ref_Scaff,1415
1181,Ref_Scaff,1412
1182,Ref_Scaff,1412
1183,Ref_Scaff,1411
1184,Ref_Scaff,1410
1185,Ref_Scaff,1408
1186,Ref_Scaff,1408
1187,Ref_Scaff,1407
1188,Ref_Scaff,1406
1189,Ref_Scaff,1404
1190,Ref_Scaff,1402
1191,Ref_Scaff,1395
1192,Ref_Scaff,1394
1193,Ref_Scaff,1393
1194,Ref_Scaff,1391
1195,Ref_Scaff,1391
1196,Ref_Scaff,1391
1197,Ref_Scaff,1386
1198,Ref_Scaff,1386
1199,Ref_Scaff,1385
1200,Ref_Scaff,1384
1201,Ref_Scaff,1383
1202,Ref_Scaff,1382
1203,Ref_Scaff,1381
1204,Ref_Scaff,1381
1205,Ref_Scaff,1380
1206,Ref_Scaff,1380
1207,Ref_Scaff,1379
1208,Ref_Scaff,1378
1209,Ref_Scaff,1377
1210,Ref_Scaff,1377
1211,Ref_Scaff,1377
1212,Ref_Scaff,1377
1213,Ref_Scaff,1376
1214,Ref_Scaff,1375
1215,Ref_Scaff,1374
1216,Ref_Scaff,1374
1217,Ref_Scaff,1373
1218,Ref_Scaff,1371
1219,Ref_Scaff,1369
1220,Ref_Scaff,1368
1221,Ref_Scaff,1366
1222,Ref_Scaff,1361
1223,Ref_Scaff,1360
1224,Ref_Scaff,1356
1225,Ref_Scaff,1356
1226,Ref_Scaff,1355
1227,Ref_Scaff,1355
1228,Ref_Scaff,1352
1229,Ref_Scaff,1351
1230,Ref_Scaff,1347
1231,Ref_Scaff,1347
1232,Ref_Scaff,1346
1233,Ref_Scaff,1344
1234,Ref_Scaff,1343
1235,Ref_Scaff,1341
1236,Ref_Scaff,1340
1237,Ref_Scaff,1340
1238,Ref_Scaff,1340
1239,Ref_Scaff,1339
1240,Ref_Scaff,1339
1241,Ref_Scaff,1337
1242,Ref_Scaff,1337
1243,Ref_Scaff,1336
1244,Ref_Scaff,1334
1245,Ref_Scaff,1333
1246,Ref_Scaff,1333
1247,Ref_Scaff,1333
1248,Ref_Scaff,1332
1249,Ref_Scaff,1330
1250,Ref_Scaff,1330
1251,Ref_Scaff,1328
1252,Ref_Scaff,1327
1253,Ref_Scaff,1326
1254,Ref_Scaff,1326
1255,Ref_Scaff,1323
1256,Ref_Scaff,1323
1257,Ref_Scaff,1322
1258,Ref_Scaff,1316
1259,Ref_Scaff,1315
1260,Ref_Scaff,1315
1261,Ref_Scaff,1315
1262,Ref_Scaff,1315
1263,Ref_Scaff,1312
1264,Ref_Scaff,1311
1265,Ref_Scaff,1311
1266,Ref_Scaff,1310
1267,Ref_Scaff,1310
1268,Ref_Scaff,1309
1269,Ref_Scaff,1308
1270,Ref_Scaff,1306
1271,Ref_Scaff,1304
1272,Ref_Scaff,1304
1273,Ref_Scaff,1304
1274,Ref_Scaff,1304
1275,Ref_Scaff,1303
1276,Ref_Scaff,1303
1277,Ref_Scaff,1302
1278,Ref_Scaff,1301
1279,Ref_Scaff,1301
1280,Ref_Scaff,1299
1281,Ref_Scaff,1297
1282,Ref_Scaff,1297
1283,Ref_Scaff,1297
1284,Ref_Scaff,1296
1285,Ref_Scaff,1295
1286,Ref_Scaff,1294
1287,Ref_Scaff,1294
1288,Ref_Scaff,1294
1289,Ref_Scaff,1293
1290,Ref_Scaff,1291
1291,Ref_Scaff,1290
1292,Ref_Scaff,1289
1293,Ref_Scaff,1287
1294,Ref_Scaff,1286
1295,Ref_Scaff,1285
1296,Ref_Scaff,1284
1297,Ref_Scaff,1284
1298,Ref_Scaff,1283
1299,Ref_Scaff,1283
1300,Ref_Scaff,1282
1301,Ref_Scaff,1281
1302,Ref_Scaff,1280
1303,Ref_Scaff,1280
1304,Ref_Scaff,1279
1305,Ref_Scaff,1278
1306,Ref_Scaff,1278
1307,Ref_Scaff,1278
1308,Ref_Scaff,1277
1309,Ref_Scaff,1277
1310,Ref_Scaff,1277
1311,Ref_Scaff,1276
1312,Ref_Scaff,1275
1313,Ref_Scaff,1275
1314,Ref_Scaff,1274
1315,Ref_Scaff,1274
1316,Ref_Scaff,1272
1317,Ref_Scaff,1271
1318,Ref_Scaff,1271
1319,Ref_Scaff,1271
1320,Ref_Scaff,1271
1321,Ref_Scaff,1271
1322,Ref_Scaff,1270
1323,Ref_Scaff,1270
1324,Ref_Scaff,1270
1325,Ref_Scaff,1269
1326,Ref_Scaff,1268
1327,Ref_Scaff,1268
1328,Ref_Scaff,1266
1329,Ref_Scaff,1265
1330,Ref_Scaff,1264
1331,Ref_Scaff,1263
1332,Ref_Scaff,1263
1333,Ref_Scaff,1263
1334,Ref_Scaff,1262
1335,Ref_Scaff,1262
1336,Ref_Scaff,1262
1337,Ref_Scaff,1261
1338,Ref_Scaff,1261
1339,Ref_Scaff,1260
1340,Ref_Scaff,1260
1341,Ref_Scaff,1260
1342,Ref_Scaff,1260
1343,Ref_Scaff,1259
1344,Ref_Scaff,1258
1345,Ref_Scaff,1258
1346,Ref_Scaff,1258
1347,Ref_Scaff,1257
1348,Ref_Scaff,1253
1349,Ref_Scaff,1253
1350,Ref_Scaff,1252
1351,Ref_Scaff,1251
1352,Ref_Scaff,1251
1353,Ref_Scaff,1251
1354,Ref_Scaff,1251
1355,Ref_Scaff,1250
1356,Ref_Scaff,1249
1357,Ref_Scaff,1248
1358,Ref_Scaff,1247
1359,Ref_Scaff,1246
1360,Ref_Scaff,1246
1361,Ref_Scaff,1244
1362,Ref_Scaff,1243
1363,Ref_Scaff,1242
1364,Ref_Scaff,1241
1365,Ref_Scaff,1241
1366,Ref_Scaff,1241
1367,Ref_Scaff,1240
1368,Ref_Scaff,1240
1369,Ref_Scaff,1240
1370,Ref_Scaff,1239
1371,Ref_Scaff,1238
1372,Ref_Scaff,1238
1373,Ref_Scaff,1238
1374,Ref_Scaff,1238
1375,Ref_Scaff,1237
1376,Ref_Scaff,1236
1377,Ref_Scaff,1235
1378,Ref_Scaff,1235
1379,Ref_Scaff,1234
1380,Ref_Scaff,1234
1381,Ref_Scaff,1234
1382,Ref_Scaff,1233
1383,Ref_Scaff,1233
1384,Ref_Scaff,1232
1385,Ref_Scaff,1231
1386,Ref_Scaff,1231
1387,Ref_Scaff,1231
1388,Ref_Scaff,1231
1389,Ref_Scaff,1230
1390,Ref_Scaff,1229
1391,Ref_Scaff,1229
1392,Ref_Scaff,1228
1393,Ref_Scaff,1227
1394,Ref_Scaff,1227
1395,Ref_Scaff,1227
1396,Ref_Scaff,1227
1397,Ref_Scaff,1226
1398,Ref_Scaff,1226
1399,Ref_Scaff,1226
1400,Ref_Scaff,1225
1401,Ref_Scaff,1225
1402,Ref_Scaff,1225
1403,Ref_Scaff,1225
1404,Ref_Scaff,1225
1405,Ref_Scaff,1225
1406,Ref_Scaff,1224
1407,Ref_Scaff,1224
1408,Ref_Scaff,1224
1409,Ref_Scaff,1224
1410,Ref_Scaff,1223
1411,Ref_Scaff,1223
1412,Ref_Scaff,1223
1413,Ref_Scaff,1222
1414,Ref_Scaff,1222
1415,Ref_Scaff,1221
1416,Ref_Scaff,1220
1417,Ref_Scaff,1220
1418,Ref_Scaff,1219
1419,Ref_Scaff,1219
1420,Ref_Scaff,1219
1421,Ref_Scaff,1218
1422,Ref_Scaff,1218
1423,Ref_Scaff,1214
1424,Ref_Scaff,1213
1425,Ref_Scaff,1212
1426,Ref_Scaff,1212
1427,Ref_Scaff,1211
1428,Ref_Scaff,1211
1429,Ref_Scaff,1210
1430,Ref_Scaff,1209
1431,Ref_Scaff,1209
1432,Ref_Scaff,1209
1433,Ref_Scaff,1208
1434,Ref_Scaff,1208
1435,Ref_Scaff,1208
1436,Ref_Scaff,1208
1437,Ref_Scaff,1207
1438,Ref_Scaff,1206
1439,Ref_Scaff,1205
1440,Ref_Scaff,1205
1441,Ref_Scaff,1205
1442,Ref_Scaff,1203
1443,Ref_Scaff,1203
1444,Ref_Scaff,1203
1445,Ref_Scaff,1202
1446,Ref_Scaff,1202
1447,Ref_Scaff,1201
1448,Ref_Scaff,1200
1449,Ref_Scaff,1200
1450,Ref_Scaff,1200
1451,Ref_Scaff,1199
1452,Ref_Scaff,1199
1453,Ref_Scaff,1198
1454,Ref_Scaff,1198
1455,Ref_Scaff,1197
1456,Ref_Scaff,1197
1457,Ref_Scaff,1195
1458,Ref_Scaff,1195
1459,Ref_Scaff,1195
1460,Ref_Scaff,1195
1461,Ref_Scaff,1195
1462,Ref_Scaff,1194
1463,Ref_Scaff,1193
1464,Ref_Scaff,1193
1465,Ref_Scaff,1193
1466,Ref_Scaff,1193
1467,Ref_Scaff,1192
1468,Ref_Scaff,1192
1469,Ref_Scaff,1192
1470,Ref_Scaff,1191
1471,Ref_Scaff,1191
1472,Ref_Scaff,1190
1473,Ref_Scaff,1190
1474,Ref_Scaff,1190
1475,Ref_Scaff,1189
1476,Ref_Scaff,1189
1477,Ref_Scaff,1189
1478,Ref_Scaff,1189
1479,Ref_Scaff,1189
1480,Ref_Scaff,1189
1481,Ref_Scaff,1188
1482,Ref_Scaff,1186
1483,Ref_Scaff,1186
1484,Ref_Scaff,1186
1485,Ref_Scaff,1186
1486,Ref_Scaff,1186
1487,Ref_Scaff,1185
1488,Ref_Scaff,1185
1489,Ref_Scaff,1185
1490,Ref_Scaff,1185
1491,Ref_Scaff,1184
1492,Ref_Scaff,1184
1493,Ref_Scaff,1184
1494,Ref_Scaff,1184
1495,Ref_Scaff,1182
1496,Ref_Scaff,1182
1497,Ref_Scaff,1181
1498,Ref_Scaff,1181
1499,Ref_Scaff,1181
1500,Ref_Scaff,1179
1501,Ref_Scaff,1179
1502,Ref_Scaff,1179
1503,Ref_Scaff,1178
1504,Ref_Scaff,1178
1505,Ref_Scaff,1178
1506,Ref_Scaff,1178
1507,Ref_Scaff,1178
1508,Ref_Scaff,1178
1509,Ref_Scaff,1177
1510,Ref_Scaff,1176
1511,Ref_Scaff,1175
1512,Ref_Scaff,1175
1513,Ref_Scaff,1174
1514,Ref_Scaff,1174
1515,Ref_Scaff,1173
1516,Ref_Scaff,1173
1517,Ref_Scaff,1173
1518,Ref_Scaff,1171
1519,Ref_Scaff,1171
1520,Ref_Scaff,1171
1521,Ref_Scaff,1171
1522,Ref_Scaff,1170
1523,Ref_Scaff,1169
1524,Ref_Scaff,1169
1525,Ref_Scaff,1168
1526,Ref_Scaff,1167
1527,Ref_Scaff,1167
1528,Ref_Scaff,1167
1529,Ref_Scaff,1166
1530,Ref_Scaff,1166
1531,Ref_Scaff,1166
1532,Ref_Scaff,1166
1533,Ref_Scaff,1165
1534,Ref_Scaff,1165
1535,Ref_Scaff,1164
1536,Ref_Scaff,1163
1537,Ref_Scaff,1163
1538,Ref_Scaff,1163
1539,Ref_Scaff,1163
1540,Ref_Scaff,1163
1541,Ref_Scaff,1163
1542,Ref_Scaff,1162
1543,Ref_Scaff,1162
1544,Ref_Scaff,1162
1545,Ref_Scaff,1161
1546,Ref_Scaff,1161
1547,Ref_Scaff,1161
1548,Ref_Scaff,1160
1549,Ref_Scaff,1160
1550,Ref_Scaff,1160
1551,Ref_Scaff,1159
1552,Ref_Scaff,1159
1553,Ref_Scaff,1159
1554,Ref_Scaff,1159
1555,Ref_Scaff,1159
1556,Ref_Scaff,1158
1557,Ref_Scaff,1158
1558,Ref_Scaff,1158
1559,Ref_Scaff,1157
1560,Ref_Scaff,1157
1561,Ref_Scaff,1156
1562,Ref_Scaff,1156
1563,Ref_Scaff,1155
1564,Ref_Scaff,1155
1565,Ref_Scaff,1155
1566,Ref_Scaff,1155
1567,Ref_Scaff,1154
1568,Ref_Scaff,1154
1569,Ref_Scaff,1154
1570,Ref_Scaff,1154
1571,Ref_Scaff,1153
1572,Ref_Scaff,1153
1573,Ref_Scaff,1153
1574,Ref_Scaff,1152
1575,Ref_Scaff,1152
1576,Ref_Scaff,1152
1577,Ref_Scaff,1152
1578,Ref_Scaff,1151
1579,Ref_Scaff,1150
1580,Ref_Scaff,1150
1581,Ref_Scaff,1148
1582,Ref_Scaff,1148
1583,Ref_Scaff,1148
1584,Ref_Scaff,1148
1585,Ref_Scaff,1148
1586,Ref_Scaff,1148
1587,Ref_Scaff,1147
1588,Ref_Scaff,1147
1589,Ref_Scaff,1147
1590,Ref_Scaff,1146
1591,Ref_Scaff,1146
1592,Ref_Scaff,1146
1593,Ref_Scaff,1145
1594,Ref_Scaff,1144
1595,Ref_Scaff,1144
1596,Ref_Scaff,1144
1597,Ref_Scaff,1144
1598,Ref_Scaff,1144
1599,Ref_Scaff,1143
1600,Ref_Scaff,1143
1601,Ref_Scaff,1142
1602,Ref_Scaff,1142
1603,Ref_Scaff,1142
1604,Ref_Scaff,1141
1605,Ref_Scaff,1141
1606,Ref_Scaff,1140
1607,Ref_Scaff,1140
1608,Ref_Scaff,1140
1609,Ref_Scaff,1140
1610,Ref_Scaff,1139
1611,Ref_Scaff,1139
1612,Ref_Scaff,1139
1613,Ref_Scaff,1139
1614,Ref_Scaff,1139
1615,Ref_Scaff,1138
1616,Ref_Scaff,1137
1617,Ref_Scaff,1136
1618,Ref_Scaff,1136
1619,Ref_Scaff,1136
1620,Ref_Scaff,1136
1621,Ref_Scaff,1135
1622,Ref_Scaff,1135
1623,Ref_Scaff,1135
1624,Ref_Scaff,1134
1625,Ref_Scaff,1134
1626,Ref_Scaff,1134
1627,Ref_Scaff,1134
1628,Ref_Scaff,1133
1629,Ref_Scaff,1133
1630,Ref_Scaff,1133
1631,Ref_Scaff,1132
1632,Ref_Scaff,1132
1633,Ref_Scaff,1132
1634,Ref_Scaff,1132
1635,Ref_Scaff,1131
1636,Ref_Scaff,1131
1637,Ref_Scaff,1131
1638,Ref_Scaff,1130
1639,Ref_Scaff,1130
1640,Ref_Scaff,1130
1641,Ref_Scaff,1129
1642,Ref_Scaff,1129
1643,Ref_Scaff,1129
1644,Ref_Scaff,1129
1645,Ref_Scaff,1127
1646,Ref_Scaff,1127
1647,Ref_Scaff,1126
1648,Ref_Scaff,1126
1649,Ref_Scaff,1126
1650,Ref_Scaff,1126
1651,Ref_Scaff,1126
1652,Ref_Scaff,1125
1653,Ref_Scaff,1125
1654,Ref_Scaff,1124
1655,Ref_Scaff,1124
1656,Ref_Scaff,1123
1657,Ref_Scaff,1123
1658,Ref_Scaff,1123
1659,Ref_Scaff,1123
1660,Ref_Scaff,1123
1661,Ref_Scaff,1122
1662,Ref_Scaff,1121
1663,Ref_Scaff,1120
1664,Ref_Scaff,1119
1665,Ref_Scaff,1119
1666,Ref_Scaff,1118
1667,Ref_Scaff,1118
1668,Ref_Scaff,1118
1669,Ref_Scaff,1118
1670,Ref_Scaff,1117
1671,Ref_Scaff,1117
1672,Ref_Scaff,1117
1673,Ref_Scaff,1117
1674,Ref_Scaff,1117
1675,Ref_Scaff,1117
1676,Ref_Scaff,1116
1677,Ref_Scaff,1116
1678,Ref_Scaff,1116
1679,Ref_Scaff,1116
1680,Ref_Scaff,1116
1681,Ref_Scaff,1116
1682,Ref_Scaff,1115
1683,Ref_Scaff,1115
1684,Ref_Scaff,1115
1685,Ref_Scaff,1114
1686,Ref_Scaff,1114
1687,Ref_Scaff,1114
1688,Ref_Scaff,1114
1689,Ref_Scaff,1114
1690,Ref_Scaff,1114
1691,Ref_Scaff,1112
1692,Ref_Scaff,1112
1693,Ref_Scaff,1112
1694,Ref_Scaff,1112
1695,Ref_Scaff,1111
1696,Ref_Scaff,1110
1697,Ref_Scaff,1110
1698,Ref_Scaff,1110
1699,Ref_Scaff,1110
1700,Ref_Scaff,1109
1701,Ref_Scaff,1109
1702,Ref_Scaff,1109
1703,Ref_Scaff,1109
1704,Ref_Scaff,1108
1705,Ref_Scaff,1108
1706,Ref_Scaff,1107
1707,Ref_Scaff,1107
1708,Ref_Scaff,1107
1709,Ref_Scaff,1106
1710,Ref_Scaff,1106
1711,Ref_Scaff,1105
1712,Ref_Scaff,1105
1713,Ref_Scaff,1105
1714,Ref_Scaff,1105
1715,Ref_Scaff,1105
1716,Ref_Scaff,1105
1717,Ref_Scaff,1103
1718,Ref_Scaff,1103
1719,Ref_Scaff,1103
1720,Ref_Scaff,1102
1721,Ref_Scaff,1102
1722,Ref_Scaff,1102
1723,Ref_Scaff,1101
1724,Ref_Scaff,1101
1725,Ref_Scaff,1101
1726,Ref_Scaff,1100
1727,Ref_Scaff,1100
1728,Ref_Scaff,1099
1729,Ref_Scaff,1099
1730,Ref_Scaff,1098
1731,Ref_Scaff,1098
1732,Ref_Scaff,1098
1733,Ref_Scaff,1097
1734,Ref_Scaff,1097
1735,Ref_Scaff,1097
1736,Ref_Scaff,1096
1737,Ref_Scaff,1096
1738,Ref_Scaff,1094
1739,Ref_Scaff,1093
1740,Ref_Scaff,1092
1741,Ref_Scaff,1091
1742,Ref_Scaff,1091
1743,Ref_Scaff,1090
1744,Ref_Scaff,1090
1745,Ref_Scaff,1090
1746,Ref_Scaff,1090
1747,Ref_Scaff,1090
1748,Ref_Scaff,1089
1749,Ref_Scaff,1089
1750,Ref_Scaff,1088
1751,Ref_Scaff,1088
1752,Ref_Scaff,1088
1753,Ref_Scaff,1088
1754,Ref_Scaff,1087
1755,Ref_Scaff,1087
1756,Ref_Scaff,1087
1757,Ref_Scaff,1086
1758,Ref_Scaff,1086
1759,Ref_Scaff,1086
1760,Ref_Scaff,1086
1761,Ref_Scaff,1084
1762,Ref_Scaff,1084
1763,Ref_Scaff,1084
1764,Ref_Scaff,1084
1765,Ref_Scaff,1084
1766,Ref_Scaff,1083
1767,Ref_Scaff,1083
1768,Ref_Scaff,1083
1769,Ref_Scaff,1082
1770,Ref_Scaff,1082
1771,Ref_Scaff,1081
1772,Ref_Scaff,1081
1773,Ref_Scaff,1080
1774,Ref_Scaff,1080
1775,Ref_Scaff,1080
1776,Ref_Scaff,1079
1777,Ref_Scaff,1079
1778,Ref_Scaff,1078
1779,Ref_Scaff,1078
1780,Ref_Scaff,1078
1781,Ref_Scaff,1078
1782,Ref_Scaff,1077
1783,Ref_Scaff,1077
1784,Ref_Scaff,1076
1785,Ref_Scaff,1076
1786,Ref_Scaff,1076
1787,Ref_Scaff,1076
1788,Ref_Scaff,1075
1789,Ref_Scaff,1075
1790,Ref_Scaff,1075
1791,Ref_Scaff,1075
1792,Ref_Scaff,1074
1793,Ref_Scaff,1074
1794,Ref_Scaff,1074
1795,Ref_Scaff,1074
1796,Ref_Scaff,1073
1797,Ref_Scaff,1072
1798,Ref_Scaff,1072
1799,Ref_Scaff,1071
1800,Ref_Scaff,1071
1801,Ref_Scaff,1070
1802,Ref_Scaff,1070
1803,Ref_Scaff,1070
1804,Ref_Scaff,1069
1805,Ref_Scaff,1069
1806,Ref_Scaff,1068
1807,Ref_Scaff,1067
1808,Ref_Scaff,1067
1809,Ref_Scaff,1067
1810,Ref_Scaff,1066
1811,Ref_Scaff,1064
1812,Ref_Scaff,1064
1813,Ref_Scaff,1064
1814,Ref_Scaff,1063
1815,Ref_Scaff,1063
1816,Ref_Scaff,1063
1817,Ref_Scaff,1063
1818,Ref_Scaff,1063
1819,Ref_Scaff,1063
1820,Ref_Scaff,1063
1821,Ref_Scaff,1063
1822,Ref_Scaff,1062
1823,Ref_Scaff,1062
1824,Ref_Scaff,1062
1825,Ref_Scaff,1062
1826,Ref_Scaff,1062
1827,Ref_Scaff,1061
1828,Ref_Scaff,1060
1829,Ref_Scaff,1060
1830,Ref_Scaff,1060
1831,Ref_Scaff,1059
1832,Ref_Scaff,1059
1833,Ref_Scaff,1059
1834,Ref_Scaff,1058
1835,Ref_Scaff,1058
1836,Ref_Scaff,1058
1837,Ref_Scaff,1058
1838,Ref_Scaff,1057
1839,Ref_Scaff,1056
1840,Ref_Scaff,1056
1841,Ref_Scaff,1056
1842,Ref_Scaff,1056
1843,Ref_Scaff,1055
1844,Ref_Scaff,1055
1845,Ref_Scaff,1055
1846,Ref_Scaff,1054
1847,Ref_Scaff,1054
1848,Ref_Scaff,1053
1849,Ref_Scaff,1053
1850,Ref_Scaff,1053
1851,Ref_Scaff,1053
1852,Ref_Scaff,1053
1853,Ref_Scaff,1052
1854,Ref_Scaff,1052
1855,Ref_Scaff,1052
1856,Ref_Scaff,1051
1857,Ref_Scaff,1051
1858,Ref_Scaff,1051
1859,Ref_Scaff,1051
1860,Ref_Scaff,1051
1861,Ref_Scaff,1050
1862,Ref_Scaff,1050
1863,Ref_Scaff,1049
1864,Ref_Scaff,1049
1865,Ref_Scaff,1049
1866,Ref_Scaff,1049
1867,Ref_Scaff,1049
1868,Ref_Scaff,1048
1869,Ref_Scaff,1048
1870,Ref_Scaff,1048
1871,Ref_Scaff,1048
1872,Ref_Scaff,1048
1873,Ref_Scaff,1047
1874,Ref_Scaff,1047
1875,Ref_Scaff,1047
1876,Ref_Scaff,1047
1877,Ref_Scaff,1046
1878,Ref_Scaff,1045
1879,Ref_Scaff,1045
1880,Ref_Scaff,1045
1881,Ref_Scaff,1045
1882,Ref_Scaff,1044
1883,Ref_Scaff,1044
1884,Ref_Scaff,1044
1885,Ref_Scaff,1043
1886,Ref_Scaff,1043
1887,Ref_Scaff,1042
1888,Ref_Scaff,1042
1889,Ref_Scaff,1042
1890,Ref_Scaff,1042
1891,Ref_Scaff,1042
1892,Ref_Scaff,1041
1893,Ref_Scaff,1041
1894,Ref_Scaff,1041
1895,Ref_Scaff,1040
1896,Ref_Scaff,1040
1897,Ref_Scaff,1040
1898,Ref_Scaff,1040
1899,Ref_Scaff,1039
1900,Ref_Scaff,1039
1901,Ref_Scaff,1039
1902,Ref_Scaff,1038
1903,Ref_Scaff,1038
1904,Ref_Scaff,1038
1905,Ref_Scaff,1037
1906,Ref_Scaff,1037
1907,Ref_Scaff,1037
1908,Ref_Scaff,1037
1909,Ref_Scaff,1036
1910,Ref_Scaff,1036
1911,Ref_Scaff,1035
1912,Ref_Scaff,1035
1913,Ref_Scaff,1035
1914,Ref_Scaff,1035
1915,Ref_Scaff,1035
1916,Ref_Scaff,1033
1917,Ref_Scaff,1033
1918,Ref_Scaff,1033
1919,Ref_Scaff,1033
1920,Ref_Scaff,1032
1921,Ref_Scaff,1032
1922,Ref_Scaff,1032
1923,Ref_Scaff,1031
1924,Ref_Scaff,1031
1925,Ref_Scaff,1031
1926,Ref_Scaff,1030
1927,Ref_Scaff,1030
1928,Ref_Scaff,1030
1929,Ref_Scaff,1029
1930,Ref_Scaff,1029
1931,Ref_Scaff,1029
1932,Ref_Scaff,1029
1933,Ref_Scaff,1029
1934,Ref_Scaff,1029
1935,Ref_Scaff,1029
1936,Ref_Scaff,1028
1937,Ref_Scaff,1028
1938,Ref_Scaff,1027
1939,Ref_Scaff,1027
1940,Ref_Scaff,1027
1941,Ref_Scaff,1026
1942,Ref_Scaff,1026
1943,Ref_Scaff,1025
1944,Ref_Scaff,1025
1945,Ref_Scaff,1025
1946,Ref_Scaff,1025
1947,Ref_Scaff,1023
1948,Ref_Scaff,1023
1949,Ref_Scaff,1022
1950,Ref_Scaff,1022
1951,Ref_Scaff,1022
1952,Ref_Scaff,1022
1953,Ref_Scaff,1021
1954,Ref_Scaff,1021
1955,Ref_Scaff,1021
1956,Ref_Scaff,1020
1957,Ref_Scaff,1020
1958,Ref_Scaff,1020
1959,Ref_Scaff,1019
1960,Ref_Scaff,1019
1961,Ref_Scaff,1019
1962,Ref_Scaff,1019
1963,Ref_Scaff,1019
1964,Ref_Scaff,1018
1965,Ref_Scaff,1018
1966,Ref_Scaff,1018
1967,Ref_Scaff,1018
1968,Ref_Scaff,1016
1969,Ref_Scaff,1016
1970,Ref_Scaff,1016
1971,Ref_Scaff,1015
1972,Ref_Scaff,1015
1973,Ref_Scaff,1014
1974,Ref_Scaff,1014
1975,Ref_Scaff,1014
1976,Ref_Scaff,1014
1977,Ref_Scaff,1014
1978,Ref_Scaff,1013
1979,Ref_Scaff,1013
1980,Ref_Scaff,1013
1981,Ref_Scaff,1012
1982,Ref_Scaff,1012
1983,Ref_Scaff,1012
1984,Ref_Scaff,1012
1985,Ref_Scaff,1012
1986,Ref_Scaff,1011
1987,Ref_Scaff,1011
1988,Ref_Scaff,1011
1989,Ref_Scaff,1011
1990,Ref_Scaff,1010
1991,Ref_Scaff,1010
1992,Ref_Scaff,1010
1993,Ref_Scaff,1010
1994,Ref_Scaff,1008
1995,Ref_Scaff,1008
1996,Ref_Scaff,1008
1997,Ref_Scaff,1007
1998,Ref_Scaff,1007
1999,Ref_Scaff,1006
2000,Ref_Scaff,1006
2001,Ref_Scaff,1006
2002,Ref_Scaff,1005
2003,Ref_Scaff,1005
2004,Ref_Scaff,1005
2005,Ref_Scaff,1005
2006,Ref_Scaff,1005
2007,Ref_Scaff,1004
2008,Ref_Scaff,1004
2009,Ref_Scaff,1004
2010,Ref_Scaff,1004
2011,Ref_Scaff,1003
2012,Ref_Scaff,1001
2013,Ref_Scaff,1001
2014,Ref_Scaff,1001
2015,Ref_Scaff,1001
2016,Ref_Scaff,1001
2017,Ref_Scaff,564
2018,Ref_Scaff,544
2019,Ref_Ctg,27905053
2020,Ref_Ctg,21907215
2021,Ref_Ctg,21485538
2022,Ref_Ctg,19478218
2023,Ref_Ctg,17021040
2024,Ref_Ctg,5107766
2025,Ref_Ctg,4506129
2026,Ref_Ctg,1933284
2027,Ref_Ctg,1763709
2028,Ref_Ctg,1200662
2029,Ref_Ctg,1156776
2030,Ref_Ctg,1093371
2031,Ref_Ctg,947676
2032,Ref_Ctg,934603
2033,Ref_Ctg,839630
2034,Ref_Ctg,723319
2035,Ref_Ctg,666663
2036,Ref_Ctg,560967
2037,Ref_Ctg,533281
2038,Ref_Ctg,489812
2039,Ref_Ctg,475322
2040,Ref_Ctg,392358
2041,Ref_Ctg,353733
2042,Ref_Ctg,353239
2043,Ref_Ctg,326047
2044,Ref_Ctg,300074
2045,Ref_Ctg,231334
2046,Ref_Ctg,198153
2047,Ref_Ctg,178628
2048,Ref_Ctg,176605
2049,Ref_Ctg,174042
2050,Ref_Ctg,170808
2051,Ref_Ctg,162162
2052,Ref_Ctg,162054
2053,Ref_Ctg,159200
2054,Ref_Ctg,136040
2055,Ref_Ctg,130469
2056,Ref_Ctg,120223
2057,Ref_Ctg,115851
2058,Ref_Ctg,110697
2059,Ref_Ctg,107634
2060,Ref_Ctg,88768
2061,Ref_Ctg,86485
2062,Ref_Ctg,83949
2063,Ref_Ctg,81922
2064,Ref_Ctg,79459
2065,Ref_Ctg,79293
2066,Ref_Ctg,76224
2067,Ref_Ctg,71293
2068,Ref_Ctg,69921
2069,Ref_Ctg,68253
2070,Ref_Ctg,64906
2071,Ref_Ctg,60477
2072,Ref_Ctg,59515
2073,Ref_Ctg,59259
2074,Ref_Ctg,51887
2075,Ref_Ctg,50625
2076,Ref_Ctg,50414
2077,Ref_Ctg,49396
2078,Ref_Ctg,47397
2079,Ref_Ctg,45914
2080,Ref_Ctg,45241
2081,Ref_Ctg,45120
2082,Ref_Ctg,44178
2083,Ref_Ctg,44021
2084,Ref_Ctg,42157
2085,Ref_Ctg,40696
2086,Ref_Ctg,40176
2087,Ref_Ctg,37106
2088,Ref_Ctg,36785
2089,Ref_Ctg,36251
2090,Ref_Ctg,35302
2091,Ref_Ctg,34314
2092,Ref_Ctg,33635
2093,Ref_Ctg,33316
2094,Ref_Ctg,31460
2095,Ref_Ctg,31034
2096,Ref_Ctg,30445
2097,Ref_Ctg,29115
2098,Ref_Ctg,28305
2099,Ref_Ctg,27270
2100,Ref_Ctg,27147
2101,Ref_Ctg,25783
2102,Ref_Ctg,25746
2103,Ref_Ctg,25698
2104,Ref_Ctg,25171
2105,Ref_Ctg,24876
2106,Ref_Ctg,24683
2107,Ref_Ctg,24503
2108,Ref_Ctg,24380
2109,Ref_Ctg,23932
2110,Ref_Ctg,23913
2111,Ref_Ctg,23819
2112,Ref_Ctg,23520
2113,Ref_Ctg,23498
2114,Ref_Ctg,23354
2115,Ref_Ctg,22940
2116,Ref_Ctg,22604
2117,Ref_Ctg,22453
2118,Ref_Ctg,21921
2119,Ref_Ctg,21883
2120,Ref_Ctg,21565
2121,Ref_Ctg,21177
2122,Ref_Ctg,21147
2123,Ref_Ctg,20994
2124,Ref_Ctg,20763
2125,Ref_Ctg,20518
2126,Ref_Ctg,19958
2127,Ref_Ctg,19760
2128,Ref_Ctg,19524
2129,Ref_Ctg,18211
2130,Ref_Ctg,17516
2131,Ref_Ctg,17459
2132,Ref_Ctg,17072
2133,Ref_Ctg,17019
2134,Ref_Ctg,16631
2135,Ref_Ctg,16404
2136,Ref_Ctg,16252
2137,Ref_Ctg,15789
2138,Ref_Ctg,15660
2139,Ref_Ctg,14961
2140,Ref_Ctg,14793
2141,Ref_Ctg,14597
2142,Ref_Ctg,14285
2143,Ref_Ctg,14246
2144,Ref_Ctg,14179
2145,Ref_Ctg,13759
2146,Ref_Ctg,13750
2147,Ref_Ctg,13664
2148,Ref_Ctg,13640
2149,Ref_Ctg,13575
2150,Ref_Ctg,13455
2151,Ref_Ctg,13416
2152,Ref_Ctg,13185
2153,Ref_Ctg,13164
2154,Ref_Ctg,13157
2155,Ref_Ctg,13151
2156,Ref_Ctg,13142
2157,Ref_Ctg,13096
2158,Ref_Ctg,13045
2159,Ref_Ctg,13037
2160,Ref_Ctg,12747
2161,Ref_Ctg,12598
2162,Ref_Ctg,12168
2163,Ref_Ctg,12157
2164,Ref_Ctg,12024
2165,Ref_Ctg,12018
2166,Ref_Ctg,11993
2167,Ref_Ctg,11983
2168,Ref_Ctg,11753
2169,Ref_Ctg,11680
2170,Ref_Ctg,11260
2171,Ref_Ctg,11021
2172,Ref_Ctg,10541
2173,Ref_Ctg,10538
2174,Ref_Ctg,10162
2175,Ref_Ctg,10091
2176,Ref_Ctg,9865
2177,Ref_Ctg,9841
2178,Ref_Ctg,9666
2179,Ref_Ctg,9584
2180,Ref_Ctg,9394
2181,Ref_Ctg,9368
2182,Ref_Ctg,9110
2183,Ref_Ctg,8398
2184,Ref_Ctg,8346
2185,Ref_Ctg,8296
2186,Ref_Ctg,8007
2187,Ref_Ctg,8002
2188,Ref_Ctg,7722
2189,Ref_Ctg,7569
2190,Ref_Ctg,7557
2191,Ref_Ctg,7467
2192,Ref_Ctg,7314
2193,Ref_Ctg,7123
2194,Ref_Ctg,6936
2195,Ref_Ctg,6900
2196,Ref_Ctg,6840
2197,Ref_Ctg,6761
2198,Ref_Ctg,6698
2199,Ref_Ctg,6546
2200,Ref_Ctg,6515
2201,Ref_Ctg,6488
2202,Ref_Ctg,6294
2203,Ref_Ctg,6292
2204,Ref_Ctg,6265
2205,Ref_Ctg,6237
2206,Ref_Ctg,6193
2207,Ref_Ctg,6076
2208,Ref_Ctg,6044
2209,Ref_Ctg,6041
2210,Ref_Ctg,6000
2211,Ref_Ctg,5968
2212,Ref_Ctg,5952
2213,Ref_Ctg,5940
2214,Ref_Ctg,5891
2215,Ref_Ctg,5857
2216,Ref_Ctg,5832
2217,Ref_Ctg,5831
2218,Ref_Ctg,5807
2219,Ref_Ctg,5802
2220,Ref_Ctg,5772
2221,Ref_Ctg,5748
2222,Ref_Ctg,5698
2223,Ref_Ctg,5687
2224,Ref_Ctg,5641
2225,Ref_Ctg,5555
2226,Ref_Ctg,5538
2227,Ref_Ctg,5530
2228,Ref_Ctg,5498
2229,Ref_Ctg,5496
2230,Ref_Ctg,5477
2231,Ref_Ctg,5465
2232,Ref_Ctg,5463
2233,Ref_Ctg,5387
2234,Ref_Ctg,5383
2235,Ref_Ctg,5375
2236,Ref_Ctg,5365
2237,Ref_Ctg,5324
2238,Ref_Ctg,5316
2239,Ref_Ctg,5232
2240,Ref_Ctg,5195
2241,Ref_Ctg,5108
2242,Ref_Ctg,5104
2243,Ref_Ctg,5100
2244,Ref_Ctg,5098
2245,Ref_Ctg,5071
2246,Ref_Ctg,5061
2247,Ref_Ctg,5057
2248,Ref_Ctg,5054
2249,Ref_Ctg,5026
2250,Ref_Ctg,5000
2251,Ref_Ctg,4996
2252,Ref_Ctg,4994
2253,Ref_Ctg,4986
2254,Ref_Ctg,4933
2255,Ref_Ctg,4931
2256,Ref_Ctg,4917
2257,Ref_Ctg,4903
2258,Ref_Ctg,4900
2259,Ref_Ctg,4879
2260,Ref_Ctg,4865
2261,Ref_Ctg,4820
2262,Ref_Ctg,4785
2263,Ref_Ctg,4705
2264,Ref_Ctg,4701
2265,Ref_Ctg,4688
2266,Ref_Ctg,4684
2267,Ref_Ctg,4655
2268,Ref_Ctg,4641
2269,Ref_Ctg,4620
2270,Ref_Ctg,4581
2271,Ref_Ctg,4573
2272,Ref_Ctg,4521
2273,Ref_Ctg,4515
2274,Ref_Ctg,4471
2275,Ref_Ctg,4465
2276,Ref_Ctg,4436
2277,Ref_Ctg,4431
2278,Ref_Ctg,4424
2279,Ref_Ctg,4406
2280,Ref_Ctg,4400
2281,Ref_Ctg,4398
2282,Ref_Ctg,4395
2283,Ref_Ctg,4381
2284,Ref_Ctg,4378
2285,Ref_Ctg,4377
2286,Ref_Ctg,4370
2287,Ref_Ctg,4370
2288,Ref_Ctg,4368
2289,Ref_Ctg,4336
2290,Ref_Ctg,4310
2291,Ref_Ctg,4310
2292,Ref_Ctg,4295
2293,Ref_Ctg,4293
2294,Ref_Ctg,4289
2295,Ref_Ctg,4280
2296,Ref_Ctg,4272
2297,Ref_Ctg,4267
2298,Ref_Ctg,4231
2299,Ref_Ctg,4225
2300,Ref_Ctg,4222
2301,Ref_Ctg,4203
2302,Ref_Ctg,4201
2303,Ref_Ctg,4197
2304,Ref_Ctg,4187
2305,Ref_Ctg,4186
2306,Ref_Ctg,4183
2307,Ref_Ctg,4182
2308,Ref_Ctg,4174
2309,Ref_Ctg,4163
2310,Ref_Ctg,4150
2311,Ref_Ctg,4135
2312,Ref_Ctg,4089
2313,Ref_Ctg,4085
2314,Ref_Ctg,4072
2315,Ref_Ctg,4071
2316,Ref_Ctg,4070
2317,Ref_Ctg,4069
2318,Ref_Ctg,4059
2319,Ref_Ctg,4039
2320,Ref_Ctg,4037
2321,Ref_Ctg,4030
2322,Ref_Ctg,4013
2323,Ref_Ctg,4012
2324,Ref_Ctg,4006
2325,Ref_Ctg,3991
2326,Ref_Ctg,3984
2327,Ref_Ctg,3970
2328,Ref_Ctg,3964
2329,Ref_Ctg,3960
2330,Ref_Ctg,3944
2331,Ref_Ctg,3942
2332,Ref_Ctg,3941
2333,Ref_Ctg,3936
2334,Ref_Ctg,3924
2335,Ref_Ctg,3921
2336,Ref_Ctg,3913
2337,Ref_Ctg,3906
2338,Ref_Ctg,3871
2339,Ref_Ctg,3864
2340,Ref_Ctg,3858
2341,Ref_Ctg,3830
2342,Ref_Ctg,3818
2343,Ref_Ctg,3806
2344,Ref_Ctg,3806
2345,Ref_Ctg,3781
2346,Ref_Ctg,3775
2347,Ref_Ctg,3755
2348,Ref_Ctg,3746
2349,Ref_Ctg,3745
2350,Ref_Ctg,3737
2351,Ref_Ctg,3730
2352,Ref_Ctg,3717
2353,Ref_Ctg,3716
2354,Ref_Ctg,3713
2355,Ref_Ctg,3708
2356,Ref_Ctg,3692
2357,Ref_Ctg,3680
2358,Ref_Ctg,3665
2359,Ref_Ctg,3660
2360,Ref_Ctg,3648
2361,Ref_Ctg,3646
2362,Ref_Ctg,3638
2363,Ref_Ctg,3638
2364,Ref_Ctg,3622
2365,Ref_Ctg,3622
2366,Ref_Ctg,3614
2367,Ref_Ctg,3604
2368,Ref_Ctg,3603
2369,Ref_Ctg,3603
2370,Ref_Ctg,3602
2371,Ref_Ctg,3593
2372,Ref_Ctg,3593
2373,Ref_Ctg,3587
2374,Ref_Ctg,3583
2375,Ref_Ctg,3582
2376,Ref_Ctg,3574
2377,Ref_Ctg,3557
2378,Ref_Ctg,3554
2379,Ref_Ctg,3553
2380,Ref_Ctg,3553
2381,Ref_Ctg,3542
2382,Ref_Ctg,3527
2383,Ref_Ctg,3527
2384,Ref_Ctg,3525
2385,Ref_Ctg,3523
2386,Ref_Ctg,3502
2387,Ref_Ctg,3498
2388,Ref_Ctg,3498
2389,Ref_Ctg,3493
2390,Ref_Ctg,3490
2391,Ref_Ctg,3488
2392,Ref_Ctg,3484
2393,Ref_Ctg,3478
2394,Ref_Ctg,3478
2395,Ref_Ctg,3477
2396,Ref_Ctg,3473
2397,Ref_Ctg,3466
2398,Ref_Ctg,3466
2399,Ref_Ctg,3463
2400,Ref_Ctg,3462
2401,Ref_Ctg,3457
2402,Ref_Ctg,3454
2403,Ref_Ctg,3434
2404,Ref_Ctg,3431
2405,Ref_Ctg,3402
2406,Ref_Ctg,3396
2407,Ref_Ctg,3389
2408,Ref_Ctg,3386
2409,Ref_Ctg,3378
2410,Ref_Ctg,3374
2411,Ref_Ctg,3374
2412,Ref_Ctg,3373
2413,Ref_Ctg,3373
2414,Ref_Ctg,3367
2415,Ref_Ctg,3365
2416,Ref_Ctg,3352
2417,Ref_Ctg,3348
2418,Ref_Ctg,3347
2419,Ref_Ctg,3341
2420,Ref_Ctg,3316
2421,Ref_Ctg,3313
2422,Ref_Ctg,3310
2423,Ref_Ctg,3308
2424,Ref_Ctg,3302
2425,Ref_Ctg,3300
2426,Ref_Ctg,3299
2427,Ref_Ctg,3292
2428,Ref_Ctg,3286
2429,Ref_Ctg,3284
2430,Ref_Ctg,3277
2431,Ref_Ctg,3275
2432,Ref_Ctg,3268
2433,Ref_Ctg,3266
2434,Ref_Ctg,3262
2435,Ref_Ctg,3259
2436,Ref_Ctg,3259
2437,Ref_Ctg,3256
2438,Ref_Ctg,3254
2439,Ref_Ctg,3251
2440,Ref_Ctg,3239
2441,Ref_Ctg,3234
2442,Ref_Ctg,3223
2443,Ref_Ctg,3218
2444,Ref_Ctg,3213
2445,Ref_Ctg,3213
2446,Ref_Ctg,3211
2447,Ref_Ctg,3209
2448,Ref_Ctg,3206
2449,Ref_Ctg,3201
2450,Ref_Ctg,3201
2451,Ref_Ctg,3197
2452,Ref_Ctg,3196
2453,Ref_Ctg,3195
2454,Ref_Ctg,3195
2455,Ref_Ctg,3190
2456,Ref_Ctg,3185
2457,Ref_Ctg,3179
2458,Ref_Ctg,3175
2459,Ref_Ctg,3174
2460,Ref_Ctg,3173
2461,Ref_Ctg,3171
2462,Ref_Ctg,3162
2463,Ref_Ctg,3157
2464,Ref_Ctg,3156
2465,Ref_Ctg,3144
2466,Ref_Ctg,3141
2467,Ref_Ctg,3132
2468,Ref_Ctg,3129
2469,Ref_Ctg,3127
2470,Ref_Ctg,3123
2471,Ref_Ctg,3123
2472,Ref_Ctg,3120
2473,Ref_Ctg,3118
2474,Ref_Ctg,3102
2475,Ref_Ctg,3100
2476,Ref_Ctg,3100
2477,Ref_Ctg,3089
2478,Ref_Ctg,3085
2479,Ref_Ctg,3080
2480,Ref_Ctg,3079
2481,Ref_Ctg,3077
2482,Ref_Ctg,3076
2483,Ref_Ctg,3073
2484,Ref_Ctg,3073
2485,Ref_Ctg,3067
2486,Ref_Ctg,3065
2487,Ref_Ctg,3064
2488,Ref_Ctg,3059
2489,Ref_Ctg,3058
2490,Ref_Ctg,3046
2491,Ref_Ctg,3044
2492,Ref_Ctg,3043
2493,Ref_Ctg,3033
2494,Ref_Ctg,3024
2495,Ref_Ctg,3015
2496,Ref_Ctg,3013
2497,Ref_Ctg,3010
2498,Ref_Ctg,3009
2499,Ref_Ctg,3005
2500,Ref_Ctg,3004
2501,Ref_Ctg,2999
2502,Ref_Ctg,2999
2503,Ref_Ctg,2996
2504,Ref_Ctg,2996
2505,Ref_Ctg,2995
2506,Ref_Ctg,2993
2507,Ref_Ctg,2985
2508,Ref_Ctg,2984
2509,Ref_Ctg,2984
2510,Ref_Ctg,2983
2511,Ref_Ctg,2982
2512,Ref_Ctg,2982
2513,Ref_Ctg,2976
2514,Ref_Ctg,2971
2515,Ref_Ctg,2971
2516,Ref_Ctg,2964
2517,Ref_Ctg,2957
2518,Ref_Ctg,2956
2519,Ref_Ctg,2956
2520,Ref_Ctg,2947
2521,Ref_Ctg,2943
2522,Ref_Ctg,2937
2523,Ref_Ctg,2928
2524,Ref_Ctg,2927
2525,Ref_Ctg,2926
2526,Ref_Ctg,2926
2527,Ref_Ctg,2924
2528,Ref_Ctg,2922
2529,Ref_Ctg,2922
2530,Ref_Ctg,2919
2531,Ref_Ctg,2914
2532,Ref_Ctg,2911
2533,Ref_Ctg,2910
2534,Ref_Ctg,2905
2535,Ref_Ctg,2904
2536,Ref_Ctg,2904
2537,Ref_Ctg,2903
2538,Ref_Ctg,2899
2539,Ref_Ctg,2892
2540,Ref_Ctg,2889
2541,Ref_Ctg,2884
2542,Ref_Ctg,2882
2543,Ref_Ctg,2882
2544,Ref_Ctg,2882
2545,Ref_Ctg,2881
2546,Ref_Ctg,2881
2547,Ref_Ctg,2878
2548,Ref_Ctg,2877
2549,Ref_Ctg,2876
2550,Ref_Ctg,2876
2551,Ref_Ctg,2871
2552,Ref_Ctg,2871
2553,Ref_Ctg,2869
2554,Ref_Ctg,2860
2555,Ref_Ctg,2860
2556,Ref_Ctg,2859
2557,Ref_Ctg,2858
2558,Ref_Ctg,2855
2559,Ref_Ctg,2848
2560,Ref_Ctg,2847
2561,Ref_Ctg,2846
2562,Ref_Ctg,2844
2563,Ref_Ctg,2841
2564,Ref_Ctg,2836
2565,Ref_Ctg,2834
2566,Ref_Ctg,2833
2567,Ref_Ctg,2830
2568,Ref_Ctg,2829
2569,Ref_Ctg,2829
2570,Ref_Ctg,2828
2571,Ref_Ctg,2825
2572,Ref_Ctg,2823
2573,Ref_Ctg,2822
2574,Ref_Ctg,2822
2575,Ref_Ctg,2820
2576,Ref_Ctg,2819
2577,Ref_Ctg,2815
2578,Ref_Ctg,2814
2579,Ref_Ctg,2811
2580,Ref_Ctg,2806
2581,Ref_Ctg,2806
2582,Ref_Ctg,2804
2583,Ref_Ctg,2804
2584,Ref_Ctg,2799
2585,Ref_Ctg,2796
2586,Ref_Ctg,2795
2587,Ref_Ctg,2795
2588,Ref_Ctg,2794
2589,Ref_Ctg,2793
2590,Ref_Ctg,2791
2591,Ref_Ctg,2790
2592,Ref_Ctg,2787
2593,Ref_Ctg,2784
2594,Ref_Ctg,2783
2595,Ref_Ctg,2781
2596,Ref_Ctg,2765
2597,Ref_Ctg,2762
2598,Ref_Ctg,2751
2599,Ref_Ctg,2750
2600,Ref_Ctg,2745
2601,Ref_Ctg,2744
2602,Ref_Ctg,2742
2603,Ref_Ctg,2736
2604,Ref_Ctg,2735
2605,Ref_Ctg,2733
2606,Ref_Ctg,2732
2607,Ref_Ctg,2729
2608,Ref_Ctg,2725
2609,Ref_Ctg,2717
2610,Ref_Ctg,2715
2611,Ref_Ctg,2709
2612,Ref_Ctg,2709
2613,Ref_Ctg,2708
2614,Ref_Ctg,2706
2615,Ref_Ctg,2703
2616,Ref_Ctg,2698
2617,Ref_Ctg,2697
2618,Ref_Ctg,2694
2619,Ref_Ctg,2689
2620,Ref_Ctg,2688
2621,Ref_Ctg,2688
2622,Ref_Ctg,2688
2623,Ref_Ctg,2686
2624,Ref_Ctg,2677
2625,Ref_Ctg,2671
2626,Ref_Ctg,2670
2627,Ref_Ctg,2670
2628,Ref_Ctg,2668
2629,Ref_Ctg,2668
2630,Ref_Ctg,2667
2631,Ref_Ctg,2665
2632,Ref_Ctg,2663
2633,Ref_Ctg,2647
2634,Ref_Ctg,2646
2635,Ref_Ctg,2641
2636,Ref_Ctg,2639
2637,Ref_Ctg,2637
2638,Ref_Ctg,2636
2639,Ref_Ctg,2635
2640,Ref_Ctg,2618
2641,Ref_Ctg,2618
2642,Ref_Ctg,2614
2643,Ref_Ctg,2612
2644,Ref_Ctg,2611
2645,Ref_Ctg,2605
2646,Ref_Ctg,2604
2647,Ref_Ctg,2603
2648,Ref_Ctg,2603
2649,Ref_Ctg,2591
2650,Ref_Ctg,2588
2651,Ref_Ctg,2586
2652,Ref_Ctg,2584
2653,Ref_Ctg,2583
2654,Ref_Ctg,2577
2655,Ref_Ctg,2577
2656,Ref_Ctg,2576
2657,Ref_Ctg,2575
2658,Ref_Ctg,2575
2659,Ref_Ctg,2574
2660,Ref_Ctg,2571
2661,Ref_Ctg,2561
2662,Ref_Ctg,2560
2663,Ref_Ctg,2557
2664,Ref_Ctg,2556
2665,Ref_Ctg,2556
2666,Ref_Ctg,2549
2667,Ref_Ctg,2547
2668,Ref_Ctg,2546
2669,Ref_Ctg,2541
2670,Ref_Ctg,2536
2671,Ref_Ctg,2529
2672,Ref_Ctg,2529
2673,Ref_Ctg,2529
2674,Ref_Ctg,2524
2675,Ref_Ctg,2521
2676,Ref_Ctg,2520
2677,Ref_Ctg,2520
2678,Ref_Ctg,2517
2679,Ref_Ctg,2516
2680,Ref_Ctg,2511
2681,Ref_Ctg,2511
2682,Ref_Ctg,2510
2683,Ref_Ctg,2508
2684,Ref_Ctg,2505
2685,Ref_Ctg,2504
2686,Ref_Ctg,2502
2687,Ref_Ctg,2500
2688,Ref_Ctg,2494
2689,Ref_Ctg,2491
2690,Ref_Ctg,2487
2691,Ref_Ctg,2482
2692,Ref_Ctg,2479
2693,Ref_Ctg,2473
2694,Ref_Ctg,2470
2695,Ref_Ctg,2463
2696,Ref_Ctg,2463
2697,Ref_Ctg,2454
2698,Ref_Ctg,2451
2699,Ref_Ctg,2447
2700,Ref_Ctg,2446
2701,Ref_Ctg,2442
2702,Ref_Ctg,2439
2703,Ref_Ctg,2438
2704,Ref_Ctg,2438
2705,Ref_Ctg,2438
2706,Ref_Ctg,2435
2707,Ref_Ctg,2434
2708,Ref_Ctg,2434
2709,Ref_Ctg,2432
2710,Ref_Ctg,2431
2711,Ref_Ctg,2429
2712,Ref_Ctg,2428
2713,Ref_Ctg,2425
2714,Ref_Ctg,2425
2715,Ref_Ctg,2425
2716,Ref_Ctg,2421
2717,Ref_Ctg,2421
2718,Ref_Ctg,2419
2719,Ref_Ctg,2417
2720,Ref_Ctg,2413
2721,Ref_Ctg,2412
2722,Ref_Ctg,2409
2723,Ref_Ctg,2400
2724,Ref_Ctg,2394
2725,Ref_Ctg,2393
2726,Ref_Ctg,2392
2727,Ref_Ctg,2390
2728,Ref_Ctg,2390
2729,Ref_Ctg,2389
2730,Ref_Ctg,2385
2731,Ref_Ctg,2385
2732,Ref_Ctg,2385
2733,Ref_Ctg,2384
2734,Ref_Ctg,2384
2735,Ref_Ctg,2383
2736,Ref_Ctg,2382
2737,Ref_Ctg,2381
2738,Ref_Ctg,2381
2739,Ref_Ctg,2379
2740,Ref_Ctg,2379
2741,Ref_Ctg,2375
2742,Ref_Ctg,2372
2743,Ref_Ctg,2370
2744,Ref_Ctg,2369
2745,Ref_Ctg,2366
2746,Ref_Ctg,2363
2747,Ref_Ctg,2360
2748,Ref_Ctg,2357
2749,Ref_Ctg,2356
2750,Ref_Ctg,2355
2751,Ref_Ctg,2354
2752,Ref_Ctg,2354
2753,Ref_Ctg,2353
2754,Ref_Ctg,2352
2755,Ref_Ctg,2344
2756,Ref_Ctg,2344
2757,Ref_Ctg,2342
2758,Ref_Ctg,2342
2759,Ref_Ctg,2340
2760,Ref_Ctg,2335
2761,Ref_Ctg,2334
2762,Ref_Ctg,2333
2763,Ref_Ctg,2330
2764,Ref_Ctg,2328
2765,Ref_Ctg,2328
2766,Ref_Ctg,2326
2767,Ref_Ctg,2325
2768,Ref_Ctg,2322
2769,Ref_Ctg,2318
2770,Ref_Ctg,2318
2771,Ref_Ctg,2317
2772,Ref_Ctg,2315
2773,Ref_Ctg,2314
2774,Ref_Ctg,2311
2775,Ref_Ctg,2309
2776,Ref_Ctg,2308
2777,Ref_Ctg,2307
2778,Ref_Ctg,2303
2779,Ref_Ctg,2302
2780,Ref_Ctg,2296
2781,Ref_Ctg,2295
2782,Ref_Ctg,2293
2783,Ref_Ctg,2291
2784,Ref_Ctg,2289
2785,Ref_Ctg,2287
2786,Ref_Ctg,2286
2787,Ref_Ctg,2284
2788,Ref_Ctg,2283
2789,Ref_Ctg,2282
2790,Ref_Ctg,2276
2791,Ref_Ctg,2273
2792,Ref_Ctg,2270
2793,Ref_Ctg,2269
2794,Ref_Ctg,2269
2795,Ref_Ctg,2266
2796,Ref_Ctg,2264
2797,Ref_Ctg,2259
2798,Ref_Ctg,2259
2799,Ref_Ctg,2253
2800,Ref_Ctg,2253
2801,Ref_Ctg,2248
2802,Ref_Ctg,2247
2803,Ref_Ctg,2246
2804,Ref_Ctg,2237
2805,Ref_Ctg,2234
2806,Ref_Ctg,2232
2807,Ref_Ctg,2232
2808,Ref_Ctg,2228
2809,Ref_Ctg,2227
2810,Ref_Ctg,2223
2811,Ref_Ctg,2223
2812,Ref_Ctg,2221
2813,Ref_Ctg,2221
2814,Ref_Ctg,2220
2815,Ref_Ctg,2220
2816,Ref_Ctg,2217
2817,Ref_Ctg,2216
2818,Ref_Ctg,2216
2819,Ref_Ctg,2210
2820,Ref_Ctg,2209
2821,Ref_Ctg,2207
2822,Ref_Ctg,2206
2823,Ref_Ctg,2205
2824,Ref_Ctg,2202
2825,Ref_Ctg,2201
2826,Ref_Ctg,2201
2827,Ref_Ctg,2200
2828,Ref_Ctg,2198
2829,Ref_Ctg,2198
2830,Ref_Ctg,2197
2831,Ref_Ctg,2196
2832,Ref_Ctg,2193
2833,Ref_Ctg,2192
2834,Ref_Ctg,2190
2835,Ref_Ctg,2189
2836,Ref_Ctg,2189
2837,Ref_Ctg,2187
2838,Ref_Ctg,2185
2839,Ref_Ctg,2183
2840,Ref_Ctg,2178
2841,Ref_Ctg,2177
2842,Ref_Ctg,2176
2843,Ref_Ctg,2173
2844,Ref_Ctg,2167
2845,Ref_Ctg,2166
2846,Ref_Ctg,2165
2847,Ref_Ctg,2162
2848,Ref_Ctg,2161
2849,Ref_Ctg,2161
2850,Ref_Ctg,2157
2851,Ref_Ctg,2154
2852,Ref_Ctg,2147
2853,Ref_Ctg,2145
2854,Ref_Ctg,2141
2855,Ref_Ctg,2139
2856,Ref_Ctg,2138
2857,Ref_Ctg,2132
2858,Ref_Ctg,2129
2859,Ref_Ctg,2127
2860,Ref_Ctg,2126
2861,Ref_Ctg,2124
2862,Ref_Ctg,2124
2863,Ref_Ctg,2119
2864,Ref_Ctg,2117
2865,Ref_Ctg,2115
2866,Ref_Ctg,2114
2867,Ref_Ctg,2113
2868,Ref_Ctg,2113
2869,Ref_Ctg,2113
2870,Ref_Ctg,2112
2871,Ref_Ctg,2112
2872,Ref_Ctg,2109
2873,Ref_Ctg,2108
2874,Ref_Ctg,2107
2875,Ref_Ctg,2105
2876,Ref_Ctg,2105
2877,Ref_Ctg,2103
2878,Ref_Ctg,2102
2879,Ref_Ctg,2102
2880,Ref_Ctg,2096
2881,Ref_Ctg,2096
2882,Ref_Ctg,2094
2883,Ref_Ctg,2094
2884,Ref_Ctg,2092
2885,Ref_Ctg,2090
2886,Ref_Ctg,2089
2887,Ref_Ctg,2088
2888,Ref_Ctg,2088
2889,Ref_Ctg,2087
2890,Ref_Ctg,2087
2891,Ref_Ctg,2086
2892,Ref_Ctg,2084
2893,Ref_Ctg,2081
2894,Ref_Ctg,2081
2895,Ref_Ctg,2079
2896,Ref_Ctg,2079
2897,Ref_Ctg,2078
2898,Ref_Ctg,2076
2899,Ref_Ctg,2074
2900,Ref_Ctg,2069
2901,Ref_Ctg,2069
2902,Ref_Ctg,2068
2903,Ref_Ctg,2066
2904,Ref_Ctg,2065
2905,Ref_Ctg,2064
2906,Ref_Ctg,2063
2907,Ref_Ctg,2063
2908,Ref_Ctg,2062
2909,Ref_Ctg,2060
2910,Ref_Ctg,2060
2911,Ref_Ctg,2060
2912,Ref_Ctg,2059
2913,Ref_Ctg,2050
2914,Ref_Ctg,2046
2915,Ref_Ctg,2044
2916,Ref_Ctg,2043
2917,Ref_Ctg,2035
2918,Ref_Ctg,2033
2919,Ref_Ctg,2033
2920,Ref_Ctg,2030
2921,Ref_Ctg,2027
2922,Ref_Ctg,2021
2923,Ref_Ctg,2020
2924,Ref_Ctg,2017
2925,Ref_Ctg,2014
2926,Ref_Ctg,2010
2927,Ref_Ctg,2009
2928,Ref_Ctg,2008
2929,Ref_Ctg,2006
2930,Ref_Ctg,2006
2931,Ref_Ctg,2005
2932,Ref_Ctg,2005
2933,Ref_Ctg,1998
2934,Ref_Ctg,1998
2935,Ref_Ctg,1998
2936,Ref_Ctg,1998
2937,Ref_Ctg,1995
2938,Ref_Ctg,1994
2939,Ref_Ctg,1994
2940,Ref_Ctg,1993
2941,Ref_Ctg,1990
2942,Ref_Ctg,1990
2943,Ref_Ctg,1988
2944,Ref_Ctg,1987
2945,Ref_Ctg,1986
2946,Ref_Ctg,1986
2947,Ref_Ctg,1980
2948,Ref_Ctg,1978
2949,Ref_Ctg,1976
2950,Ref_Ctg,1976
2951,Ref_Ctg,1975
2952,Ref_Ctg,1974
2953,Ref_Ctg,1974
2954,Ref_Ctg,1970
2955,Ref_Ctg,1966
2956,Ref_Ctg,1966
2957,Ref_Ctg,1966
2958,Ref_Ctg,1964
2959,Ref_Ctg,1963
2960,Ref_Ctg,1962
2961,Ref_Ctg,1962
2962,Ref_Ctg,1962
2963,Ref_Ctg,1961
2964,Ref_Ctg,1961
2965,Ref_Ctg,1961
2966,Ref_Ctg,1961
2967,Ref_Ctg,1957
2968,Ref_Ctg,1956
2969,Ref_Ctg,1956
2970,Ref_Ctg,1948
2971,Ref_Ctg,1947
2972,Ref_Ctg,1947
2973,Ref_Ctg,1947
2974,Ref_Ctg,1946
2975,Ref_Ctg,1945
2976,Ref_Ctg,1944
2977,Ref_Ctg,1944
2978,Ref_Ctg,1944
2979,Ref_Ctg,1943
2980,Ref_Ctg,1939
2981,Ref_Ctg,1936
2982,Ref_Ctg,1936
2983,Ref_Ctg,1936
2984,Ref_Ctg,1935
2985,Ref_Ctg,1933
2986,Ref_Ctg,1933
2987,Ref_Ctg,1931
2988,Ref_Ctg,1929
2989,Ref_Ctg,1928
2990,Ref_Ctg,1928
2991,Ref_Ctg,1927
2992,Ref_Ctg,1926
2993,Ref_Ctg,1926
2994,Ref_Ctg,1924
2995,Ref_Ctg,1923
2996,Ref_Ctg,1920
2997,Ref_Ctg,1920
2998,Ref_Ctg,1917
2999,Ref_Ctg,1917
3000,Ref_Ctg,1916
3001,Ref_Ctg,1916
3002,Ref_Ctg,1907
3003,Ref_Ctg,1906
3004,Ref_Ctg,1905
3005,Ref_Ctg,1904
3006,Ref_Ctg,1903
3007,Ref_Ctg,1903
3008,Ref_Ctg,1903
3009,Ref_Ctg,1902
3010,Ref_Ctg,1901
3011,Ref_Ctg,1901
3012,Ref_Ctg,1900
3013,Ref_Ctg,1900
3014,Ref_Ctg,1899
3015,Ref_Ctg,1895
3016,Ref_Ctg,1895
3017,Ref_Ctg,1893
3018,Ref_Ctg,1892
3019,Ref_Ctg,1891
3020,Ref_Ctg,1890
3021,Ref_Ctg,1890
3022,Ref_Ctg,1888
3023,Ref_Ctg,1882
3024,Ref_Ctg,1872
3025,Ref_Ctg,1872
3026,Ref_Ctg,1871
3027,Ref_Ctg,1870
3028,Ref_Ctg,1870
3029,Ref_Ctg,1869
3030,Ref_Ctg,1869
3031,Ref_Ctg,1869
3032,Ref_Ctg,1868
3033,Ref_Ctg,1866
3034,Ref_Ctg,1866
3035,Ref_Ctg,1865
3036,Ref_Ctg,1863
3037,Ref_Ctg,1863
3038,Ref_Ctg,1858
3039,Ref_Ctg,1856
3040,Ref_Ctg,1854
3041,Ref_Ctg,1851
3042,Ref_Ctg,1849
3043,Ref_Ctg,1849
3044,Ref_Ctg,1848
3045,Ref_Ctg,1843
3046,Ref_Ctg,1843
3047,Ref_Ctg,1843
3048,Ref_Ctg,1843
3049,Ref_Ctg,1842
3050,Ref_Ctg,1841
3051,Ref_Ctg,1841
3052,Ref_Ctg,1832
3053,Ref_Ctg,1832
3054,Ref_Ctg,1831
3055,Ref_Ctg,1830
3056,Ref_Ctg,1830
3057,Ref_Ctg,1829
3058,Ref_Ctg,1829
3059,Ref_Ctg,1826
3060,Ref_Ctg,1819
3061,Ref_Ctg,1818
3062,Ref_Ctg,1818
3063,Ref_Ctg,1813
3064,Ref_Ctg,1813
3065,Ref_Ctg,1810
3066,Ref_Ctg,1808
3067,Ref_Ctg,1806
3068,Ref_Ctg,1806
3069,Ref_Ctg,1803
3070,Ref_Ctg,1802
3071,Ref_Ctg,1802
3072,Ref_Ctg,1801
3073,Ref_Ctg,1800
3074,Ref_Ctg,1800
3075,Ref_Ctg,1798
3076,Ref_Ctg,1797
3077,Ref_Ctg,1793
3078,Ref_Ctg,1792
3079,Ref_Ctg,1787
3080,Ref_Ctg,1786
3081,Ref_Ctg,1785
3082,Ref_Ctg,1785
3083,Ref_Ctg,1780
3084,Ref_Ctg,1776
3085,Ref_Ctg,1776
3086,Ref_Ctg,1775
3087,Ref_Ctg,1775
3088,Ref_Ctg,1775
3089,Ref_Ctg,1774
3090,Ref_Ctg,1772
3091,Ref_Ctg,1770
3092,Ref_Ctg,1769
3093,Ref_Ctg,1766
3094,Ref_Ctg,1762
3095,Ref_Ctg,1761
3096,Ref_Ctg,1758
3097,Ref_Ctg,1756
3098,Ref_Ctg,1754
3099,Ref_Ctg,1751
3100,Ref_Ctg,1749
3101,Ref_Ctg,1749
3102,Ref_Ctg,1747
3103,Ref_Ctg,1747
3104,Ref_Ctg,1747
3105,Ref_Ctg,1743
3106,Ref_Ctg,1741
3107,Ref_Ctg,1739
3108,Ref_Ctg,1738
3109,Ref_Ctg,1737
3110,Ref_Ctg,1737
3111,Ref_Ctg,1734
3112,Ref_Ctg,1734
3113,Ref_Ctg,1733
3114,Ref_Ctg,1732
3115,Ref_Ctg,1731
3116,Ref_Ctg,1730
3117,Ref_Ctg,1729
3118,Ref_Ctg,1728
3119,Ref_Ctg,1724
3120,Ref_Ctg,1724
3121,Ref_Ctg,1720
3122,Ref_Ctg,1719
3123,Ref_Ctg,1719
3124,Ref_Ctg,1717
3125,Ref_Ctg,1717
3126,Ref_Ctg,1716
3127,Ref_Ctg,1716
3128,Ref_Ctg,1715
3129,Ref_Ctg,1714
3130,Ref_Ctg,1714
3131,Ref_Ctg,1713
3132,Ref_Ctg,1712
3133,Ref_Ctg,1711
3134,Ref_Ctg,1710
3135,Ref_Ctg,1710
3136,Ref_Ctg,1709
3137,Ref_Ctg,1708
3138,Ref_Ctg,1707
3139,Ref_Ctg,1706
3140,Ref_Ctg,1704
3141,Ref_Ctg,1703
3142,Ref_Ctg,1703
3143,Ref_Ctg,1696
3144,Ref_Ctg,1690
3145,Ref_Ctg,1690
3146,Ref_Ctg,1687
3147,Ref_Ctg,1685
3148,Ref_Ctg,1683
3149,Ref_Ctg,1683
3150,Ref_Ctg,1683
3151,Ref_Ctg,1680
3152,Ref_Ctg,1679
3153,Ref_Ctg,1678
3154,Ref_Ctg,1678
3155,Ref_Ctg,1675
3156,Ref_Ctg,1667
3157,Ref_Ctg,1666
3158,Ref_Ctg,1664
3159,Ref_Ctg,1663
3160,Ref_Ctg,1662
3161,Ref_Ctg,1657
3162,Ref_Ctg,1657
3163,Ref_Ctg,1655
3164,Ref_Ctg,1653
3165,Ref_Ctg,1652
3166,Ref_Ctg,1650
3167,Ref_Ctg,1645
3168,Ref_Ctg,1644
3169,Ref_Ctg,1643
3170,Ref_Ctg,1643
3171,Ref_Ctg,1641
3172,Ref_Ctg,1638
3173,Ref_Ctg,1637
3174,Ref_Ctg,1637
3175,Ref_Ctg,1637
3176,Ref_Ctg,1636
3177,Ref_Ctg,1630
3178,Ref_Ctg,1629
3179,Ref_Ctg,1625
3180,Ref_Ctg,1625
3181,Ref_Ctg,1623
3182,Ref_Ctg,1622
3183,Ref_Ctg,1619
3184,Ref_Ctg,1614
3185,Ref_Ctg,1611
3186,Ref_Ctg,1610
3187,Ref_Ctg,1610
3188,Ref_Ctg,1608
3189,Ref_Ctg,1597
3190,Ref_Ctg,1595
3191,Ref_Ctg,1594
3192,Ref_Ctg,1586
3193,Ref_Ctg,1586
3194,Ref_Ctg,1586
3195,Ref_Ctg,1585
3196,Ref_Ctg,1585
3197,Ref_Ctg,1581
3198,Ref_Ctg,1581
3199,Ref_Ctg,1577
3200,Ref_Ctg,1577
3201,Ref_Ctg,1576
3202,Ref_Ctg,1575
3203,Ref_Ctg,1573
3204,Ref_Ctg,1571
3205,Ref_Ctg,1567
3206,Ref_Ctg,1566
3207,Ref_Ctg,1562
3208,Ref_Ctg,1560
3209,Ref_Ctg,1560
3210,Ref_Ctg,1560
3211,Ref_Ctg,1558
3212,Ref_Ctg,1556
3213,Ref_Ctg,1556
3214,Ref_Ctg,1555
3215,Ref_Ctg,1555
3216,Ref_Ctg,1553
3217,Ref_Ctg,1552
3218,Ref_Ctg,1550
3219,Ref_Ctg,1550
3220,Ref_Ctg,1549
3221,Ref_Ctg,1546
3222,Ref_Ctg,1544
3223,Ref_Ctg,1543
3224,Ref_Ctg,1543
3225,Ref_Ctg,1543
3226,Ref_Ctg,1541
3227,Ref_Ctg,1540
3228,Ref_Ctg,1538
3229,Ref_Ctg,1534
3230,Ref_Ctg,1533
3231,Ref_Ctg,1533
3232,Ref_Ctg,1532
3233,Ref_Ctg,1531
3234,Ref_Ctg,1529
3235,Ref_Ctg,1529
3236,Ref_Ctg,1527
3237,Ref_Ctg,1525
3238,Ref_Ctg,1525
3239,Ref_Ctg,1525
3240,Ref_Ctg,1525
3241,Ref_Ctg,1521
3242,Ref_Ctg,1521
3243,Ref_Ctg,1520
3244,Ref_Ctg,1519
3245,Ref_Ctg,1518
3246,Ref_Ctg,1518
3247,Ref_Ctg,1516
3248,Ref_Ctg,1510
3249,Ref_Ctg,1509
3250,Ref_Ctg,1508
3251,Ref_Ctg,1504
3252,Ref_Ctg,1504
3253,Ref_Ctg,1502
3254,Ref_Ctg,1495
3255,Ref_Ctg,1494
3256,Ref_Ctg,1493
3257,Ref_Ctg,1492
3258,Ref_Ctg,1492
3259,Ref_Ctg,1492
3260,Ref_Ctg,1490
3261,Ref_Ctg,1490
3262,Ref_Ctg,1490
3263,Ref_Ctg,1489
3264,Ref_Ctg,1489
3265,Ref_Ctg,1488
3266,Ref_Ctg,1487
3267,Ref_Ctg,1487
3268,Ref_Ctg,1485
3269,Ref_Ctg,1484
3270,Ref_Ctg,1483
3271,Ref_Ctg,1482
3272,Ref_Ctg,1478
3273,Ref_Ctg,1477
3274,Ref_Ctg,1476
3275,Ref_Ctg,1475
3276,Ref_Ctg,1473
3277,Ref_Ctg,1471
3278,Ref_Ctg,1468
3279,Ref_Ctg,1468
3280,Ref_Ctg,1467
3281,Ref_Ctg,1466
3282,Ref_Ctg,1464
3283,Ref_Ctg,1463
3284,Ref_Ctg,1462
3285,Ref_Ctg,1461
3286,Ref_Ctg,1461
3287,Ref_Ctg,1459
3288,Ref_Ctg,1458
3289,Ref_Ctg,1457
3290,Ref_Ctg,1456
3291,Ref_Ctg,1454
3292,Ref_Ctg,1453
3293,Ref_Ctg,1452
3294,Ref_Ctg,1452
3295,Ref_Ctg,1451
3296,Ref_Ctg,1451
3297,Ref_Ctg,1450
3298,Ref_Ctg,1448
3299,Ref_Ctg,1446
3300,Ref_Ctg,1446
3301,Ref_Ctg,1446
3302,Ref_Ctg,1445
3303,Ref_Ctg,1443
3304,Ref_Ctg,1441
3305,Ref_Ctg,1440
3306,Ref_Ctg,1437
3307,Ref_Ctg,1436
3308,Ref_Ctg,1435
3309,Ref_Ctg,1432
3310,Ref_Ctg,1432
3311,Ref_Ctg,1432
3312,Ref_Ctg,1430
3313,Ref_Ctg,1429
3314,Ref_Ctg,1429
3315,Ref_Ctg,1425
3316,Ref_Ctg,1425
3317,Ref_Ctg,1425
3318,Ref_Ctg,1424
3319,Ref_Ctg,1424
3320,Ref_Ctg,1424
3321,Ref_Ctg,1423
3322,Ref_Ctg,1422
3323,Ref_Ctg,1421
3324,Ref_Ctg,1421
3325,Ref_Ctg,1419
3326,Ref_Ctg,1416
3327,Ref_Ctg,1416
3328,Ref_Ctg,1416
3329,Ref_Ctg,1415
3330,Ref_Ctg,1412
3331,Ref_Ctg,1412
3332,Ref_Ctg,1411
3333,Ref_Ctg,1410
3334,Ref_Ctg,1408
3335,Ref_Ctg,1408
3336,Ref_Ctg,1407
3337,Ref_Ctg,1407
3338,Ref_Ctg,1406
3339,Ref_Ctg,1406
3340,Ref_Ctg,1404
3341,Ref_Ctg,1402
3342,Ref_Ctg,1401
3343,Ref_Ctg,1399
3344,Ref_Ctg,1395
3345,Ref_Ctg,1395
3346,Ref_Ctg,1394
3347,Ref_Ctg,1393
3348,Ref_Ctg,1392
3349,Ref_Ctg,1392
3350,Ref_Ctg,1391
3351,Ref_Ctg,1391
3352,Ref_Ctg,1391
3353,Ref_Ctg,1386
3354,Ref_Ctg,1386
3355,Ref_Ctg,1385
3356,Ref_Ctg,1384
3357,Ref_Ctg,1384
3358,Ref_Ctg,1383
3359,Ref_Ctg,1382
3360,Ref_Ctg,1381
3361,Ref_Ctg,1381
3362,Ref_Ctg,1381
3363,Ref_Ctg,1380
3364,Ref_Ctg,1380
3365,Ref_Ctg,1379
3366,Ref_Ctg,1378
3367,Ref_Ctg,1377
3368,Ref_Ctg,1377
3369,Ref_Ctg,1377
3370,Ref_Ctg,1377
3371,Ref_Ctg,1376
3372,Ref_Ctg,1375
3373,Ref_Ctg,1374
3374,Ref_Ctg,1374
3375,Ref_Ctg,1374
3376,Ref_Ctg,1373
3377,Ref_Ctg,1373
3378,Ref_Ctg,1371
3379,Ref_Ctg,1369
3380,Ref_Ctg,1369
3381,Ref_Ctg,1368
3382,Ref_Ctg,1368
3383,Ref_Ctg,1368
3384,Ref_Ctg,1367
3385,Ref_Ctg,1366
3386,Ref_Ctg,1361
3387,Ref_Ctg,1361
3388,Ref_Ctg,1360
3389,Ref_Ctg,1360
3390,Ref_Ctg,1360
3391,Ref_Ctg,1360
3392,Ref_Ctg,1358
3393,Ref_Ctg,1356
3394,Ref_Ctg,1356
3395,Ref_Ctg,1356
3396,Ref_Ctg,1355
3397,Ref_Ctg,1355
3398,Ref_Ctg,1353
3399,Ref_Ctg,1352
3400,Ref_Ctg,1351
3401,Ref_Ctg,1347
3402,Ref_Ctg,1347
3403,Ref_Ctg,1346
3404,Ref_Ctg,1344
3405,Ref_Ctg,1343
3406,Ref_Ctg,1343
3407,Ref_Ctg,1341
3408,Ref_Ctg,1340
3409,Ref_Ctg,1340
3410,Ref_Ctg,1340
3411,Ref_Ctg,1339
3412,Ref_Ctg,1339
3413,Ref_Ctg,1337
3414,Ref_Ctg,1337
3415,Ref_Ctg,1336
3416,Ref_Ctg,1334
3417,Ref_Ctg,1334
3418,Ref_Ctg,1333
3419,Ref_Ctg,1333
3420,Ref_Ctg,1333
3421,Ref_Ctg,1332
3422,Ref_Ctg,1332
3423,Ref_Ctg,1330
3424,Ref_Ctg,1330
3425,Ref_Ctg,1330
3426,Ref_Ctg,1328
3427,Ref_Ctg,1327
3428,Ref_Ctg,1326
3429,Ref_Ctg,1326
3430,Ref_Ctg,1326
3431,Ref_Ctg,1325
3432,Ref_Ctg,1323
3433,Ref_Ctg,1323
3434,Ref_Ctg,1322
3435,Ref_Ctg,1322
3436,Ref_Ctg,1322
3437,Ref_Ctg,1322
3438,Ref_Ctg,1320
3439,Ref_Ctg,1319
3440,Ref_Ctg,1316
3441,Ref_Ctg,1315
3442,Ref_Ctg,1315
3443,Ref_Ctg,1315
3444,Ref_Ctg,1315
3445,Ref_Ctg,1312
3446,Ref_Ctg,1311
3447,Ref_Ctg,1311
3448,Ref_Ctg,1310
3449,Ref_Ctg,1310
3450,Ref_Ctg,1310
3451,Ref_Ctg,1309
3452,Ref_Ctg,1308
3453,Ref_Ctg,1307
3454,Ref_Ctg,1307
3455,Ref_Ctg,1306
3456,Ref_Ctg,1304
3457,Ref_Ctg,1304
3458,Ref_Ctg,1304
3459,Ref_Ctg,1304
3460,Ref_Ctg,1304
3461,Ref_Ctg,1304
3462,Ref_Ctg,1303
3463,Ref_Ctg,1303
3464,Ref_Ctg,1302
3465,Ref_Ctg,1301
3466,Ref_Ctg,1301
3467,Ref_Ctg,1301
3468,Ref_Ctg,1299
3469,Ref_Ctg,1299
3470,Ref_Ctg,1299
3471,Ref_Ctg,1298
3472,Ref_Ctg,1297
3473,Ref_Ctg,1297
3474,Ref_Ctg,1297
3475,Ref_Ctg,1297
3476,Ref_Ctg,1296
3477,Ref_Ctg,1295
3478,Ref_Ctg,1295
3479,Ref_Ctg,1294
3480,Ref_Ctg,1294
3481,Ref_Ctg,1294
3482,Ref_Ctg,1293
3483,Ref_Ctg,1292
3484,Ref_Ctg,1291
3485,Ref_Ctg,1291
3486,Ref_Ctg,1291
3487,Ref_Ctg,1290
3488,Ref_Ctg,1289
3489,Ref_Ctg,1287
3490,Ref_Ctg,1286
3491,Ref_Ctg,1286
3492,Ref_Ctg,1285
3493,Ref_Ctg,1284
3494,Ref_Ctg,1284
3495,Ref_Ctg,1283
3496,Ref_Ctg,1283
3497,Ref_Ctg,1283
3498,Ref_Ctg,1282
3499,Ref_Ctg,1281
3500,Ref_Ctg,1280
3501,Ref_Ctg,1280
3502,Ref_Ctg,1279
3503,Ref_Ctg,1278
3504,Ref_Ctg,1278
3505,Ref_Ctg,1278
3506,Ref_Ctg,1278
3507,Ref_Ctg,1277
3508,Ref_Ctg,1277
3509,Ref_Ctg,1277
3510,Ref_Ctg,1276
3511,Ref_Ctg,1275
3512,Ref_Ctg,1275
3513,Ref_Ctg,1275
3514,Ref_Ctg,1274
3515,Ref_Ctg,1274
3516,Ref_Ctg,1273
3517,Ref_Ctg,1272
3518,Ref_Ctg,1272
3519,Ref_Ctg,1271
3520,Ref_Ctg,1271
3521,Ref_Ctg,1271
3522,Ref_Ctg,1271
3523,Ref_Ctg,1271
3524,Ref_Ctg,1270
3525,Ref_Ctg,1270
3526,Ref_Ctg,1270
3527,Ref_Ctg,1269
3528,Ref_Ctg,1268
3529,Ref_Ctg,1268
3530,Ref_Ctg,1268
3531,Ref_Ctg,1268
3532,Ref_Ctg,1268
3533,Ref_Ctg,1267
3534,Ref_Ctg,1267
3535,Ref_Ctg,1266
3536,Ref_Ctg,1265
3537,Ref_Ctg,1264
3538,Ref_Ctg,1264
3539,Ref_Ctg,1264
3540,Ref_Ctg,1263
3541,Ref_Ctg,1263
3542,Ref_Ctg,1263
3543,Ref_Ctg,1263
3544,Ref_Ctg,1262
3545,Ref_Ctg,1262
3546,Ref_Ctg,1262
3547,Ref_Ctg,1261
3548,Ref_Ctg,1261
3549,Ref_Ctg,1261
3550,Ref_Ctg,1260
3551,Ref_Ctg,1260
3552,Ref_Ctg,1260
3553,Ref_Ctg,1260
3554,Ref_Ctg,1259
3555,Ref_Ctg,1259
3556,Ref_Ctg,1258
3557,Ref_Ctg,1258
3558,Ref_Ctg,1258
3559,Ref_Ctg,1258
3560,Ref_Ctg,1257
3561,Ref_Ctg,1256
3562,Ref_Ctg,1255
3563,Ref_Ctg,1253
3564,Ref_Ctg,1253
3565,Ref_Ctg,1252
3566,Ref_Ctg,1252
3567,Ref_Ctg,1252
3568,Ref_Ctg,1251
3569,Ref_Ctg,1251
3570,Ref_Ctg,1251
3571,Ref_Ctg,1251
3572,Ref_Ctg,1250
3573,Ref_Ctg,1249
3574,Ref_Ctg,1248
3575,Ref_Ctg,1247
3576,Ref_Ctg,1247
3577,Ref_Ctg,1246
3578,Ref_Ctg,1246
3579,Ref_Ctg,1245
3580,Ref_Ctg,1244
3581,Ref_Ctg,1243
3582,Ref_Ctg,1243
3583,Ref_Ctg,1242
3584,Ref_Ctg,1242
3585,Ref_Ctg,1241
3586,Ref_Ctg,1241
3587,Ref_Ctg,1241
3588,Ref_Ctg,1240
3589,Ref_Ctg,1240
3590,Ref_Ctg,1240
3591,Ref_Ctg,1239
3592,Ref_Ctg,1238
3593,Ref_Ctg,1238
3594,Ref_Ctg,1238
3595,Ref_Ctg,1238
3596,Ref_Ctg,1238
3597,Ref_Ctg,1237
3598,Ref_Ctg,1237
3599,Ref_Ctg,1236
3600,Ref_Ctg,1235
3601,Ref_Ctg,1235
3602,Ref_Ctg,1234
3603,Ref_Ctg,1234
3604,Ref_Ctg,1234
3605,Ref_Ctg,1233
3606,Ref_Ctg,1233
3607,Ref_Ctg,1232
3608,Ref_Ctg,1231
3609,Ref_Ctg,1231
3610,Ref_Ctg,1231
3611,Ref_Ctg,1231
3612,Ref_Ctg,1230
3613,Ref_Ctg,1229
3614,Ref_Ctg,1229
3615,Ref_Ctg,1228
3616,Ref_Ctg,1227
3617,Ref_Ctg,1227
3618,Ref_Ctg,1227
3619,Ref_Ctg,1227
3620,Ref_Ctg,1226
3621,Ref_Ctg,1226
3622,Ref_Ctg,1226
3623,Ref_Ctg,1225
3624,Ref_Ctg,1225
3625,Ref_Ctg,1225
3626,Ref_Ctg,1225
3627,Ref_Ctg,1225
3628,Ref_Ctg,1225
3629,Ref_Ctg,1225
3630,Ref_Ctg,1224
3631,Ref_Ctg,1224
3632,Ref_Ctg,1224
3633,Ref_Ctg,1224
3634,Ref_Ctg,1223
3635,Ref_Ctg,1223
3636,Ref_Ctg,1223
3637,Ref_Ctg,1223
3638,Ref_Ctg,1222
3639,Ref_Ctg,1222
3640,Ref_Ctg,1222
3641,Ref_Ctg,1221
3642,Ref_Ctg,1221
3643,Ref_Ctg,1220
3644,Ref_Ctg,1220
3645,Ref_Ctg,1220
3646,Ref_Ctg,1219
3647,Ref_Ctg,1219
3648,Ref_Ctg,1219
3649,Ref_Ctg,1218
3650,Ref_Ctg,1218
3651,Ref_Ctg,1218
3652,Ref_Ctg,1218
3653,Ref_Ctg,1215
3654,Ref_Ctg,1214
3655,Ref_Ctg,1214
3656,Ref_Ctg,1213
3657,Ref_Ctg,1212
3658,Ref_Ctg,1212
3659,Ref_Ctg,1212
3660,Ref_Ctg,1211
3661,Ref_Ctg,1211
3662,Ref_Ctg,1211
3663,Ref_Ctg,1210
3664,Ref_Ctg,1209
3665,Ref_Ctg,1209
3666,Ref_Ctg,1209
3667,Ref_Ctg,1208
3668,Ref_Ctg,1208
3669,Ref_Ctg,1208
3670,Ref_Ctg,1208
3671,Ref_Ctg,1208
3672,Ref_Ctg,1207
3673,Ref_Ctg,1206
3674,Ref_Ctg,1206
3675,Ref_Ctg,1205
3676,Ref_Ctg,1205
3677,Ref_Ctg,1205
3678,Ref_Ctg,1205
3679,Ref_Ctg,1204
3680,Ref_Ctg,1204
3681,Ref_Ctg,1203
3682,Ref_Ctg,1203
3683,Ref_Ctg,1203
3684,Ref_Ctg,1202
3685,Ref_Ctg,1202
3686,Ref_Ctg,1202
3687,Ref_Ctg,1201
3688,Ref_Ctg,1201
3689,Ref_Ctg,1200
3690,Ref_Ctg,1200
3691,Ref_Ctg,1200
3692,Ref_Ctg,1199
3693,Ref_Ctg,1199
3694,Ref_Ctg,1199
3695,Ref_Ctg,1198
3696,Ref_Ctg,1198
3697,Ref_Ctg,1197
3698,Ref_Ctg,1197
3699,Ref_Ctg,1196
3700,Ref_Ctg,1195
3701,Ref_Ctg,1195
3702,Ref_Ctg,1195
3703,Ref_Ctg,1195
3704,Ref_Ctg,1195
3705,Ref_Ctg,1195
3706,Ref_Ctg,1194
3707,Ref_Ctg,1194
3708,Ref_Ctg,1193
3709,Ref_Ctg,1193
3710,Ref_Ctg,1193
3711,Ref_Ctg,1193
3712,Ref_Ctg,1192
3713,Ref_Ctg,1192
3714,Ref_Ctg,1192
3715,Ref_Ctg,1191
3716,Ref_Ctg,1191
3717,Ref_Ctg,1190
3718,Ref_Ctg,1190
3719,Ref_Ctg,1190
3720,Ref_Ctg,1189
3721,Ref_Ctg,1189
3722,Ref_Ctg,1189
3723,Ref_Ctg,1189
3724,Ref_Ctg,1189
3725,Ref_Ctg,1189
3726,Ref_Ctg,1188
3727,Ref_Ctg,1187
3728,Ref_Ctg,1186
3729,Ref_Ctg,1186
3730,Ref_Ctg,1186
3731,Ref_Ctg,1186
3732,Ref_Ctg,1186
3733,Ref_Ctg,1186
3734,Ref_Ctg,1185
3735,Ref_Ctg,1185
3736,Ref_Ctg,1185
3737,Ref_Ctg,1185
3738,Ref_Ctg,1185
3739,Ref_Ctg,1185
3740,Ref_Ctg,1185
3741,Ref_Ctg,1184
3742,Ref_Ctg,1184
3743,Ref_Ctg,1184
3744,Ref_Ctg,1184
3745,Ref_Ctg,1183
3746,Ref_Ctg,1182
3747,Ref_Ctg,1182
3748,Ref_Ctg,1182
3749,Ref_Ctg,1181
3750,Ref_Ctg,1181
3751,Ref_Ctg,1181
3752,Ref_Ctg,1181
3753,Ref_Ctg,1181
3754,Ref_Ctg,1179
3755,Ref_Ctg,1179
3756,Ref_Ctg,1179
3757,Ref_Ctg,1178
3758,Ref_Ctg,1178
3759,Ref_Ctg,1178
3760,Ref_Ctg,1178
3761,Ref_Ctg,1178
3762,Ref_Ctg,1178
3763,Ref_Ctg,1177
3764,Ref_Ctg,1176
3765,Ref_Ctg,1175
3766,Ref_Ctg,1175
3767,Ref_Ctg,1175
3768,Ref_Ctg,1175
3769,Ref_Ctg,1175
3770,Ref_Ctg,1174
3771,Ref_Ctg,1174
3772,Ref_Ctg,1174
3773,Ref_Ctg,1173
3774,Ref_Ctg,1173
3775,Ref_Ctg,1173
3776,Ref_Ctg,1173
3777,Ref_Ctg,1171
3778,Ref_Ctg,1171
3779,Ref_Ctg,1171
3780,Ref_Ctg,1171
3781,Ref_Ctg,1171
3782,Ref_Ctg,1170
3783,Ref_Ctg,1170
3784,Ref_Ctg,1169
3785,Ref_Ctg,1169
3786,Ref_Ctg,1168
3787,Ref_Ctg,1168
3788,Ref_Ctg,1167
3789,Ref_Ctg,1167
3790,Ref_Ctg,1167
3791,Ref_Ctg,1166
3792,Ref_Ctg,1166
3793,Ref_Ctg,1166
3794,Ref_Ctg,1166
3795,Ref_Ctg,1165
3796,Ref_Ctg,1165
3797,Ref_Ctg,1165
3798,Ref_Ctg,1164
3799,Ref_Ctg,1163
3800,Ref_Ctg,1163
3801,Ref_Ctg,1163
3802,Ref_Ctg,1163
3803,Ref_Ctg,1163
3804,Ref_Ctg,1163
3805,Ref_Ctg,1163
3806,Ref_Ctg,1162
3807,Ref_Ctg,1162
3808,Ref_Ctg,1162
3809,Ref_Ctg,1161
3810,Ref_Ctg,1161
3811,Ref_Ctg,1161
3812,Ref_Ctg,1161
3813,Ref_Ctg,1161
3814,Ref_Ctg,1160
3815,Ref_Ctg,1160
3816,Ref_Ctg,1160
3817,Ref_Ctg,1160
3818,Ref_Ctg,1159
3819,Ref_Ctg,1159
3820,Ref_Ctg,1159
3821,Ref_Ctg,1159
3822,Ref_Ctg,1159
3823,Ref_Ctg,1158
3824,Ref_Ctg,1158
3825,Ref_Ctg,1158
3826,Ref_Ctg,1157
3827,Ref_Ctg,1157
3828,Ref_Ctg,1157
3829,Ref_Ctg,1157
3830,Ref_Ctg,1156
3831,Ref_Ctg,1156
3832,Ref_Ctg,1156
3833,Ref_Ctg,1155
3834,Ref_Ctg,1155
3835,Ref_Ctg,1155
3836,Ref_Ctg,1155
3837,Ref_Ctg,1154
3838,Ref_Ctg,1154
3839,Ref_Ctg,1154
3840,Ref_Ctg,1154
3841,Ref_Ctg,1153
3842,Ref_Ctg,1153
3843,Ref_Ctg,1153
3844,Ref_Ctg,1152
3845,Ref_Ctg,1152
3846,Ref_Ctg,1152
3847,Ref_Ctg,1152
3848,Ref_Ctg,1151
3849,Ref_Ctg,1151
3850,Ref_Ctg,1150
3851,Ref_Ctg,1150
3852,Ref_Ctg,1148
3853,Ref_Ctg,1148
3854,Ref_Ctg,1148
3855,Ref_Ctg,1148
3856,Ref_Ctg,1148
3857,Ref_Ctg,1148
3858,Ref_Ctg,1148
3859,Ref_Ctg,1147
3860,Ref_Ctg,1147
3861,Ref_Ctg,1147
3862,Ref_Ctg,1146
3863,Ref_Ctg,1146
3864,Ref_Ctg,1146
3865,Ref_Ctg,1145
3866,Ref_Ctg,1144
3867,Ref_Ctg,1144
3868,Ref_Ctg,1144
3869,Ref_Ctg,1144
3870,Ref_Ctg,1144
3871,Ref_Ctg,1144
3872,Ref_Ctg,1143
3873,Ref_Ctg,1143
3874,Ref_Ctg,1142
3875,Ref_Ctg,1142
3876,Ref_Ctg,1142
3877,Ref_Ctg,1142
3878,Ref_Ctg,1141
3879,Ref_Ctg,1141
3880,Ref_Ctg,1140
3881,Ref_Ctg,1140
3882,Ref_Ctg,1140
3883,Ref_Ctg,1140
3884,Ref_Ctg,1140
3885,Ref_Ctg,1139
3886,Ref_Ctg,1139
3887,Ref_Ctg,1139
3888,Ref_Ctg,1139
3889,Ref_Ctg,1139
3890,Ref_Ctg,1139
3891,Ref_Ctg,1139
3892,Ref_Ctg,1138
3893,Ref_Ctg,1138
3894,Ref_Ctg,1137
3895,Ref_Ctg,1137
3896,Ref_Ctg,1136
3897,Ref_Ctg,1136
3898,Ref_Ctg,1136
3899,Ref_Ctg,1136
3900,Ref_Ctg,1136
3901,Ref_Ctg,1136
3902,Ref_Ctg,1136
3903,Ref_Ctg,1135
3904,Ref_Ctg,1135
3905,Ref_Ctg,1135
3906,Ref_Ctg,1135
3907,Ref_Ctg,1134
3908,Ref_Ctg,1134
3909,Ref_Ctg,1134
3910,Ref_Ctg,1134
3911,Ref_Ctg,1134
3912,Ref_Ctg,1133
3913,Ref_Ctg,1133
3914,Ref_Ctg,1133
3915,Ref_Ctg,1132
3916,Ref_Ctg,1132
3917,Ref_Ctg,1132
3918,Ref_Ctg,1132
3919,Ref_Ctg,1131
3920,Ref_Ctg,1131
3921,Ref_Ctg,1131
3922,Ref_Ctg,1131
3923,Ref_Ctg,1130
3924,Ref_Ctg,1130
3925,Ref_Ctg,1130
3926,Ref_Ctg,1130
3927,Ref_Ctg,1130
3928,Ref_Ctg,1129
3929,Ref_Ctg,1129
3930,Ref_Ctg,1129
3931,Ref_Ctg,1129
3932,Ref_Ctg,1127
3933,Ref_Ctg,1127
3934,Ref_Ctg,1127
3935,Ref_Ctg,1126
3936,Ref_Ctg,1126
3937,Ref_Ctg,1126
3938,Ref_Ctg,1126
3939,Ref_Ctg,1126
3940,Ref_Ctg,1126
3941,Ref_Ctg,1125
3942,Ref_Ctg,1125
3943,Ref_Ctg,1124
3944,Ref_Ctg,1124
3945,Ref_Ctg,1123
3946,Ref_Ctg,1123
3947,Ref_Ctg,1123
3948,Ref_Ctg,1123
3949,Ref_Ctg,1123
3950,Ref_Ctg,1122
3951,Ref_Ctg,1122
3952,Ref_Ctg,1122
3953,Ref_Ctg,1121
3954,Ref_Ctg,1121
3955,Ref_Ctg,1121
3956,Ref_Ctg,1120
3957,Ref_Ctg,1120
3958,Ref_Ctg,1120
3959,Ref_Ctg,1119
3960,Ref_Ctg,1119
3961,Ref_Ctg,1118
3962,Ref_Ctg,1118
3963,Ref_Ctg,1118
3964,Ref_Ctg,1118
3965,Ref_Ctg,1117
3966,Ref_Ctg,1117
3967,Ref_Ctg,1117
3968,Ref_Ctg,1117
3969,Ref_Ctg,1117
3970,Ref_Ctg,1117
3971,Ref_Ctg,1116
3972,Ref_Ctg,1116
3973,Ref_Ctg,1116
3974,Ref_Ctg,1116
3975,Ref_Ctg,1116
3976,Ref_Ctg,1116
3977,Ref_Ctg,1115
3978,Ref_Ctg,1115
3979,Ref_Ctg,1115
3980,Ref_Ctg,1114
3981,Ref_Ctg,1114
3982,Ref_Ctg,1114
3983,Ref_Ctg,1114
3984,Ref_Ctg,1114
3985,Ref_Ctg,1114
3986,Ref_Ctg,1112
3987,Ref_Ctg,1112
3988,Ref_Ctg,1112
3989,Ref_Ctg,1112
3990,Ref_Ctg,1111
3991,Ref_Ctg,1110
3992,Ref_Ctg,1110
3993,Ref_Ctg,1110
3994,Ref_Ctg,1110
3995,Ref_Ctg,1109
3996,Ref_Ctg,1109
3997,Ref_Ctg,1109
3998,Ref_Ctg,1109
3999,Ref_Ctg,1108
4000,Ref_Ctg,1108
4001,Ref_Ctg,1107
4002,Ref_Ctg,1107
4003,Ref_Ctg,1107
4004,Ref_Ctg,1107
4005,Ref_Ctg,1106
4006,Ref_Ctg,1106
4007,Ref_Ctg,1105
4008,Ref_Ctg,1105
4009,Ref_Ctg,1105
4010,Ref_Ctg,1105
4011,Ref_Ctg,1105
4012,Ref_Ctg,1105
4013,Ref_Ctg,1104
4014,Ref_Ctg,1103
4015,Ref_Ctg,1103
4016,Ref_Ctg,1103
4017,Ref_Ctg,1102
4018,Ref_Ctg,1102
4019,Ref_Ctg,1102
4020,Ref_Ctg,1101
4021,Ref_Ctg,1101
4022,Ref_Ctg,1101
4023,Ref_Ctg,1101
4024,Ref_Ctg,1100
4025,Ref_Ctg,1100
4026,Ref_Ctg,1099
4027,Ref_Ctg,1099
4028,Ref_Ctg,1098
4029,Ref_Ctg,1098
4030,Ref_Ctg,1098
4031,Ref_Ctg,1097
4032,Ref_Ctg,1097
4033,Ref_Ctg,1097
4034,Ref_Ctg,1096
4035,Ref_Ctg,1096
4036,Ref_Ctg,1095
4037,Ref_Ctg,1094
4038,Ref_Ctg,1094
4039,Ref_Ctg,1093
4040,Ref_Ctg,1092
4041,Ref_Ctg,1092
4042,Ref_Ctg,1091
4043,Ref_Ctg,1091
4044,Ref_Ctg,1090
4045,Ref_Ctg,1090
4046,Ref_Ctg,1090
4047,Ref_Ctg,1090
4048,Ref_Ctg,1090
4049,Ref_Ctg,1089
4050,Ref_Ctg,1089
4051,Ref_Ctg,1089
4052,Ref_Ctg,1088
4053,Ref_Ctg,1088
4054,Ref_Ctg,1088
4055,Ref_Ctg,1088
4056,Ref_Ctg,1087
4057,Ref_Ctg,1087
4058,Ref_Ctg,1087
4059,Ref_Ctg,1087
4060,Ref_Ctg,1086
4061,Ref_Ctg,1086
4062,Ref_Ctg,1086
4063,Ref_Ctg,1086
4064,Ref_Ctg,1084
4065,Ref_Ctg,1084
4066,Ref_Ctg,1084
4067,Ref_Ctg,1084
4068,Ref_Ctg,1084
4069,Ref_Ctg,1083
4070,Ref_Ctg,1083
4071,Ref_Ctg,1083
4072,Ref_Ctg,1083
4073,Ref_Ctg,1082
4074,Ref_Ctg,1082
4075,Ref_Ctg,1081
4076,Ref_Ctg,1081
4077,Ref_Ctg,1081
4078,Ref_Ctg,1080
4079,Ref_Ctg,1080
4080,Ref_Ctg,1080
4081,Ref_Ctg,1079
4082,Ref_Ctg,1079
4083,Ref_Ctg,1079
4084,Ref_Ctg,1078
4085,Ref_Ctg,1078
4086,Ref_Ctg,1078
4087,Ref_Ctg,1078
4088,Ref_Ctg,1078
4089,Ref_Ctg,1078
4090,Ref_Ctg,1077
4091,Ref_Ctg,1077
4092,Ref_Ctg,1076
4093,Ref_Ctg,1076
4094,Ref_Ctg,1076
4095,Ref_Ctg,1076
4096,Ref_Ctg,1075
4097,Ref_Ctg,1075
4098,Ref_Ctg,1075
4099,Ref_Ctg,1075
4100,Ref_Ctg,1074
4101,Ref_Ctg,1074
4102,Ref_Ctg,1074
4103,Ref_Ctg,1074
4104,Ref_Ctg,1074
4105,Ref_Ctg,1074
4106,Ref_Ctg,1073
4107,Ref_Ctg,1073
4108,Ref_Ctg,1072
4109,Ref_Ctg,1072
4110,Ref_Ctg,1071
4111,Ref_Ctg,1071
4112,Ref_Ctg,1071
4113,Ref_Ctg,1070
4114,Ref_Ctg,1070
4115,Ref_Ctg,1070
4116,Ref_Ctg,1069
4117,Ref_Ctg,1069
4118,Ref_Ctg,1068
4119,Ref_Ctg,1068
4120,Ref_Ctg,1067
4121,Ref_Ctg,1067
4122,Ref_Ctg,1067
4123,Ref_Ctg,1067
4124,Ref_Ctg,1066
4125,Ref_Ctg,1066
4126,Ref_Ctg,1065
4127,Ref_Ctg,1065
4128,Ref_Ctg,1064
4129,Ref_Ctg,1064
4130,Ref_Ctg,1064
4131,Ref_Ctg,1063
4132,Ref_Ctg,1063
4133,Ref_Ctg,1063
4134,Ref_Ctg,1063
4135,Ref_Ctg,1063
4136,Ref_Ctg,1063
4137,Ref_Ctg,1063
4138,Ref_Ctg,1063
4139,Ref_Ctg,1062
4140,Ref_Ctg,1062
4141,Ref_Ctg,1062
4142,Ref_Ctg,1062
4143,Ref_Ctg,1062
4144,Ref_Ctg,1062
4145,Ref_Ctg,1061
4146,Ref_Ctg,1060
4147,Ref_Ctg,1060
4148,Ref_Ctg,1060
4149,Ref_Ctg,1060
4150,Ref_Ctg,1060
4151,Ref_Ctg,1059
4152,Ref_Ctg,1059
4153,Ref_Ctg,1059
4154,Ref_Ctg,1059
4155,Ref_Ctg,1058
4156,Ref_Ctg,1058
4157,Ref_Ctg,1058
4158,Ref_Ctg,1058
4159,Ref_Ctg,1058
4160,Ref_Ctg,1057
4161,Ref_Ctg,1057
4162,Ref_Ctg,1056
4163,Ref_Ctg,1056
4164,Ref_Ctg,1056
4165,Ref_Ctg,1056
4166,Ref_Ctg,1056
4167,Ref_Ctg,1055
4168,Ref_Ctg,1055
4169,Ref_Ctg,1055
4170,Ref_Ctg,1055
4171,Ref_Ctg,1055
4172,Ref_Ctg,1055
4173,Ref_Ctg,1054
4174,Ref_Ctg,1054
4175,Ref_Ctg,1054
4176,Ref_Ctg,1054
4177,Ref_Ctg,1053
4178,Ref_Ctg,1053
4179,Ref_Ctg,1053
4180,Ref_Ctg,1053
4181,Ref_Ctg,1053
4182,Ref_Ctg,1053
4183,Ref_Ctg,1052
4184,Ref_Ctg,1052
4185,Ref_Ctg,1052
4186,Ref_Ctg,1051
4187,Ref_Ctg,1051
4188,Ref_Ctg,1051
4189,Ref_Ctg,1051
4190,Ref_Ctg,1051
4191,Ref_Ctg,1050
4192,Ref_Ctg,1050
4193,Ref_Ctg,1049
4194,Ref_Ctg,1049
4195,Ref_Ctg,1049
4196,Ref_Ctg,1049
4197,Ref_Ctg,1049
4198,Ref_Ctg,1048
4199,Ref_Ctg,1048
4200,Ref_Ctg,1048
4201,Ref_Ctg,1048
4202,Ref_Ctg,1048
4203,Ref_Ctg,1048
4204,Ref_Ctg,1047
4205,Ref_Ctg,1047
4206,Ref_Ctg,1047
4207,Ref_Ctg,1047
4208,Ref_Ctg,1047
4209,Ref_Ctg,1046
4210,Ref_Ctg,1046
4211,Ref_Ctg,1045
4212,Ref_Ctg,1045
4213,Ref_Ctg,1045
4214,Ref_Ctg,1045
4215,Ref_Ctg,1045
4216,Ref_Ctg,1044
4217,Ref_Ctg,1044
4218,Ref_Ctg,1044
4219,Ref_Ctg,1044
4220,Ref_Ctg,1043
4221,Ref_Ctg,1043
4222,Ref_Ctg,1042
4223,Ref_Ctg,1042
4224,Ref_Ctg,1042
4225,Ref_Ctg,1042
4226,Ref_Ctg,1042
4227,Ref_Ctg,1042
4228,Ref_Ctg,1042
4229,Ref_Ctg,1041
4230,Ref_Ctg,1041
4231,Ref_Ctg,1041
4232,Ref_Ctg,1040
4233,Ref_Ctg,1040
4234,Ref_Ctg,1040
4235,Ref_Ctg,1040
4236,Ref_Ctg,1040
4237,Ref_Ctg,1039
4238,Ref_Ctg,1039
4239,Ref_Ctg,1039
4240,Ref_Ctg,1039
4241,Ref_Ctg,1038
4242,Ref_Ctg,1038
4243,Ref_Ctg,1038
4244,Ref_Ctg,1038
4245,Ref_Ctg,1038
4246,Ref_Ctg,1037
4247,Ref_Ctg,1037
4248,Ref_Ctg,1037
4249,Ref_Ctg,1037
4250,Ref_Ctg,1036
4251,Ref_Ctg,1036
4252,Ref_Ctg,1035
4253,Ref_Ctg,1035
4254,Ref_Ctg,1035
4255,Ref_Ctg,1035
4256,Ref_Ctg,1035
4257,Ref_Ctg,1033
4258,Ref_Ctg,1033
4259,Ref_Ctg,1033
4260,Ref_Ctg,1033
4261,Ref_Ctg,1033
4262,Ref_Ctg,1032
4263,Ref_Ctg,1032
4264,Ref_Ctg,1032
4265,Ref_Ctg,1032
4266,Ref_Ctg,1031
4267,Ref_Ctg,1031
4268,Ref_Ctg,1031
4269,Ref_Ctg,1031
4270,Ref_Ctg,1030
4271,Ref_Ctg,1030
4272,Ref_Ctg,1030
4273,Ref_Ctg,1029
4274,Ref_Ctg,1029
4275,Ref_Ctg,1029
4276,Ref_Ctg,1029
4277,Ref_Ctg,1029
4278,Ref_Ctg,1029
4279,Ref_Ctg,1029
4280,Ref_Ctg,1029
4281,Ref_Ctg,1029
4282,Ref_Ctg,1028
4283,Ref_Ctg,1028
4284,Ref_Ctg,1028
4285,Ref_Ctg,1027
4286,Ref_Ctg,1027
4287,Ref_Ctg,1027
4288,Ref_Ctg,1027
4289,Ref_Ctg,1027
4290,Ref_Ctg,1026
4291,Ref_Ctg,1026
4292,Ref_Ctg,1025
4293,Ref_Ctg,1025
4294,Ref_Ctg,1025
4295,Ref_Ctg,1025
4296,Ref_Ctg,1023
4297,Ref_Ctg,1023
4298,Ref_Ctg,1023
4299,Ref_Ctg,1022
4300,Ref_Ctg,1022
4301,Ref_Ctg,1022
4302,Ref_Ctg,1022
4303,Ref_Ctg,1022
4304,Ref_Ctg,1021
4305,Ref_Ctg,1021
4306,Ref_Ctg,1021
4307,Ref_Ctg,1020
4308,Ref_Ctg,1020
4309,Ref_Ctg,1020
4310,Ref_Ctg,1020
4311,Ref_Ctg,1019
4312,Ref_Ctg,1019
4313,Ref_Ctg,1019
4314,Ref_Ctg,1019
4315,Ref_Ctg,1019
4316,Ref_Ctg,1018
4317,Ref_Ctg,1018
4318,Ref_Ctg,1018
4319,Ref_Ctg,1018
4320,Ref_Ctg,1017
4321,Ref_Ctg,1016
4322,Ref_Ctg,1016
4323,Ref_Ctg,1016
4324,Ref_Ctg,1015
4325,Ref_Ctg,1015
4326,Ref_Ctg,1014
4327,Ref_Ctg,1014
4328,Ref_Ctg,1014
4329,Ref_Ctg,1014
4330,Ref_Ctg,1014
4331,Ref_Ctg,1014
4332,Ref_Ctg,1013
4333,Ref_Ctg,1013
4334,Ref_Ctg,1013
4335,Ref_Ctg,1013
4336,Ref_Ctg,1012
4337,Ref_Ctg,1012
4338,Ref_Ctg,1012
4339,Ref_Ctg,1012
4340,Ref_Ctg,1012
4341,Ref_Ctg,1011
4342,Ref_Ctg,1011
4343,Ref_Ctg,1011
4344,Ref_Ctg,1011
4345,Ref_Ctg,1010
4346,Ref_Ctg,1010
4347,Ref_Ctg,1010
4348,Ref_Ctg,1010
4349,Ref_Ctg,1010
4350,Ref_Ctg,1009
4351,Ref_Ctg,1008
4352,Ref_Ctg,1008
4353,Ref_Ctg,1008
4354,Ref_Ctg,1007
4355,Ref_Ctg,1007
4356,Ref_Ctg,1006
4357,Ref_Ctg,1006
4358,Ref_Ctg,1006
4359,Ref_Ctg,1005
4360,Ref_Ctg,1005
4361,Ref_Ctg,1005
4362,Ref_Ctg,1005
4363,Ref_Ctg,1005
4364,Ref_Ctg,1005
4365,Ref_Ctg,1004
4366,Ref_Ctg,1004
4367,Ref_Ctg,1004
4368,Ref_Ctg,1004
4369,Ref_Ctg,1003
4370,Ref_Ctg,1003
4371,Ref_Ctg,1002
4372,Ref_Ctg,1002
4373,Ref_Ctg,1002
4374,Ref_Ctg,1001
4375,Ref_Ctg,1001
4376,Ref_Ctg,1001
4377,Ref_Ctg,1001
4378,Ref_Ctg,1001
4379,Ref_Ctg,1001
4380,Ref_Ctg,995
4381,Ref_Ctg,988
4382,Ref_Ctg,985
4383,Ref_Ctg,980
4384,Ref_Ctg,979
4385,Ref_Ctg,974
4386,Ref_Ctg,964
4387,Ref_Ctg,955
4388,Ref_Ctg,954
4389,Ref_Ctg,946
4390,Ref_Ctg,914
4391,Ref_Ctg,908
4392,Ref_Ctg,906
4393,Ref_Ctg,897
4394,Ref_Ctg,890
4395,Ref_Ctg,886
4396,Ref_Ctg,884
4397,Ref_Ctg,883
4398,Ref_Ctg,863
4399,Ref_Ctg,848
4400,Ref_Ctg,843
4401,Ref_Ctg,817
4402,Ref_Ctg,810
4403,Ref_Ctg,807
4404,Ref_Ctg,804
4405,Ref_Ctg,798
4406,Ref_Ctg,796
4407,Ref_Ctg,790
4408,Ref_Ctg,787
4409,Ref_Ctg,773
4410,Ref_Ctg,769
4411,Ref_Ctg,769
4412,Ref_Ctg,769
4413,Ref_Ctg,766
4414,Ref_Ctg,760
4415,Ref_Ctg,760
4416,Ref_Ctg,759
4417,Ref_Ctg,758
4418,Ref_Ctg,755
4419,Ref_Ctg,754
4420,Ref_Ctg,753
4421,Ref_Ctg,749
4422,Ref_Ctg,743
4423,Ref_Ctg,738
4424,Ref_Ctg,735
4425,Ref_Ctg,734
4426,Ref_Ctg,730
4427,Ref_Ctg,727
4428,Ref_Ctg,724
4429,Ref_Ctg,724
4430,Ref_Ctg,724
4431,Ref_Ctg,723
4432,Ref_Ctg,720
4433,Ref_Ctg,719
4434,Ref_Ctg,716
4435,Ref_Ctg,716
4436,Ref_Ctg,714
4437,Ref_Ctg,714
4438,Ref_Ctg,713
4439,Ref_Ctg,712
4440,Ref_Ctg,712
4441,Ref_Ctg,704
4442,Ref_Ctg,702
4443,Ref_Ctg,691
4444,Ref_Ctg,653
4445,Ref_Ctg,630
4446,Ref_Ctg,611
4447,Ref_Ctg,574
4448,Ref_Ctg,567
4449,Ref_Ctg,564
4450,Ref_Ctg,544
4451,Ref_Ctg,530
4452,Ref_Ctg,511
4453,Ref_Ctg,461
4454,Ref_Ctg,451
4455,Ref_Ctg,380
4456,Ref_Ctg,361
4457,Ref_Ctg,338
4458,Ref_Ctg,294
4459,Ref_Ctg,201
4460,Ref_Ctg,176
